case_id,case_name,factor,level,scenario_id,scenario_name,method,solution_hash,scenario_objective_if_completed,deterministic_objective,objective_change,value_drop_ratio,feasible_under_scenario,unavailable_assignment_count,overtime_device_count,total_overtime,max_overtime,mean_utilization,max_utilization,intrinsic_block_value,ordinary_processing_increment,precision_processing_increment,same_precision_reward,precision_mismatch_penalty,cross_crack_loss
SCALE01,木板规模梯度1,board_scale,1,U0,基准情景,VF,386874901beb3e68,1295.633062819361,1295.633062819361,0.0,0.0,True,0,0,0.0,0.0,0.6560186043065845,1.0,502.63306281936104,336.0,480.0,180.0,175.0,28.0
SCALE01,木板规模梯度1,board_scale,1,U1,普通设备降速,VF,386874901beb3e68,1295.633062819361,1295.633062819361,0.0,0.0,False,0,1,0.12550558934211775,0.12550558934211775,0.7044550958296538,1.027890130964915,502.63306281936104,336.0,480.0,180.0,175.0,28.0
SCALE01,木板规模梯度1,board_scale,1,U2,精密设备降速,VF,386874901beb3e68,1295.633062819361,1295.633062819361,0.0,0.0,False,0,2,1.7309574096335414,1.125,0.7514048923922161,1.25,502.63306281936104,336.0,480.0,180.0,175.0,28.0
SCALE01,木板规模梯度1,board_scale,1,U3,全设备降速,VF,386874901beb3e68,1295.633062819361,1295.633062819361,0.0,0.0,False,0,3,1.2252302101736854,0.7941176470588234,0.7717865933018642,1.1764705882352942,502.63306281936104,336.0,480.0,180.0,175.0,28.0
SCALE01,木板规模梯度1,board_scale,1,U4,普通设备故障,VF,386874901beb3e68,1295.633062819361,1295.633062819361,0.0,0.0,True,0,0,0.0,0.0,0.6560186043065845,1.0,502.63306281936104,336.0,480.0,180.0,175.0,28.0
SCALE01,木板规模梯度1,board_scale,1,U5,精密设备故障,VF,386874901beb3e68,1295.633062819361,1295.633062819361,0.0,0.0,False,2,0,0.0,0.0,0.47447345196405866,1.0,502.63306281936104,336.0,480.0,180.0,175.0,28.0
SCALE01,木板规模梯度1,board_scale,1,U6,隐藏裂缝,VF,386874901beb3e68,1238.9291637982028,1295.633062819361,-56.70389902115812,0.043765399825292865,False,0,1,0.1552973161591984,0.1552973161591984,0.6855525505801838,1.0345105147020441,453.9291637982029,336.0,480.0,180.0,175.0,36.0
SCALE01,木板规模梯度1,board_scale,1,U7,复合扰动,VF,386874901beb3e68,1238.9291637982028,1295.633062819361,-56.70389902115812,0.043765399825292865,False,0,2,0.7111813820733666,0.6725525735102202,0.728713356722732,1.1494561274467157,453.9291637982029,336.0,480.0,180.0,175.0,36.0
SCALE01,木板规模梯度1,board_scale,1,U0,基准情景,VDF,afbc60ea1655051b,971.6330628193609,971.6330628193609,0.0,0.0,True,0,0,0.0,0.0,0.539086779240473,0.9135462288646747,502.63306281936104,480.0,192.0,0.0,175.0,28.0
SCALE01,木板规模梯度1,board_scale,1,U1,普通设备降速,VDF,afbc60ea1655051b,971.6330628193609,971.6330628193609,0.0,0.0,False,0,2,0.6499999129085063,0.3364212116365133,0.6034201119931962,1.0747602692525584,502.63306281936104,480.0,192.0,0.0,175.0,28.0
SCALE01,木板规模梯度1,board_scale,1,U2,精密设备降速,VDF,afbc60ea1655051b,971.6330628193609,971.6330628193609,0.0,0.0,False,0,1,0.4086907586730142,0.4086907586730142,0.5827195859842331,1.090820168594003,502.63306281936104,480.0,192.0,0.0,175.0,28.0
SCALE01,木板规模梯度1,board_scale,1,U3,全设备降速,VDF,afbc60ea1655051b,971.6330628193609,971.6330628193609,0.0,0.0,False,0,3,0.7699441563654608,0.3364212116365133,0.6342197402829093,1.0747602692525584,502.63306281936104,480.0,192.0,0.0,175.0,28.0
SCALE01,木板规模梯度1,board_scale,1,U4,普通设备故障,VDF,afbc60ea1655051b,971.6330628193609,971.6330628193609,0.0,0.0,True,0,0,0.0,0.0,0.539086779240473,0.9135462288646747,502.63306281936104,480.0,192.0,0.0,175.0,28.0
SCALE01,木板规模梯度1,board_scale,1,U5,精密设备故障,VDF,afbc60ea1655051b,971.6330628193609,971.6330628193609,0.0,0.0,True,0,0,0.0,0.0,0.539086779240473,0.9135462288646747,502.63306281936104,480.0,192.0,0.0,175.0,28.0
SCALE01,木板规模梯度1,board_scale,1,U6,隐藏裂缝,VDF,afbc60ea1655051b,914.9291637982028,971.6330628193609,-56.70389902115812,0.05835937576745482,True,0,0,0.0,0.0,0.5767058950205474,0.979212920522046,453.9291637982029,480.0,192.0,0.0,175.0,36.0
SCALE01,木板规模梯度1,board_scale,1,U7,复合扰动,VDF,afbc60ea1655051b,914.9291637982028,971.6330628193609,-56.70389902115812,0.05835937576745482,False,0,1,0.37716159590887166,0.37716159590887166,0.5983821687801424,1.0838136879797493,453.9291637982029,480.0,192.0,0.0,175.0,36.0
SCALE01,木板规模梯度1,board_scale,1,U0,基准情景,MG,32c7eb06db58c6ec,1050.633062819361,1050.633062819361,0.0,0.0,True,0,0,0.0,0.0,0.5041805338454649,0.9135462288646747,502.63306281936104,576.0,0.0,0.0,0.0,28.0
SCALE01,木板规模梯度1,board_scale,1,U1,普通设备降速,MG,32c7eb06db58c6ec,1050.633062819361,1050.633062819361,0.0,0.0,False,0,2,0.6499999129085063,0.3364212116365133,0.5931535692299587,1.0747602692525584,502.63306281936104,576.0,0.0,0.0,0.0,28.0
SCALE01,木板规模梯度1,board_scale,1,U2,精密设备降速,MG,32c7eb06db58c6ec,1050.633062819361,1050.633062819361,0.0,0.0,True,0,0,0.0,0.0,0.5041805338454649,0.9135462288646747,502.63306281936104,576.0,0.0,0.0,0.0,28.0
SCALE01,木板规模梯度1,board_scale,1,U3,全设备降速,MG,32c7eb06db58c6ec,1050.633062819361,1050.633062819361,0.0,0.0,False,0,2,0.6499999129085063,0.3364212116365133,0.5931535692299587,1.0747602692525584,502.63306281936104,576.0,0.0,0.0,0.0,28.0
SCALE01,木板规模梯度1,board_scale,1,U4,普通设备故障,MG,32c7eb06db58c6ec,1050.633062819361,1050.633062819361,0.0,0.0,False,2,0,0.0,0.0,0.3645555522654325,0.9135462288646747,502.63306281936104,576.0,0.0,0.0,0.0,28.0
SCALE01,木板规模梯度1,board_scale,1,U5,精密设备故障,MG,32c7eb06db58c6ec,1050.633062819361,1050.633062819361,0.0,0.0,True,0,0,0.0,0.0,0.5041805338454649,0.9135462288646747,502.63306281936104,576.0,0.0,0.0,0.0,28.0
SCALE01,木板规模梯度1,board_scale,1,U6,隐藏裂缝,MG,32c7eb06db58c6ec,993.9291637982028,1050.633062819361,-56.70389902115812,0.0539711732172162,True,0,0,0.0,0.0,0.5376886022532764,0.979212920522046,453.9291637982029,576.0,0.0,0.0,0.0,36.0
SCALE01,木板规模梯度1,board_scale,1,U7,复合扰动,MG,32c7eb06db58c6ec,993.9291637982028,1050.633062819361,-56.70389902115812,0.0539711732172162,False,2,0,0.0,0.0,0.3816194311841925,0.979212920522046,453.9291637982029,576.0,0.0,0.0,0.0,36.0
SCALE01,木板规模梯度1,board_scale,1,U0,基准情景,MG-LS,c48b9c3f4149e8ae,1382.633062819361,1382.633062819361,0.0,0.0,True,0,0,0.0,0.0,0.6876981126137893,0.9599830304922443,502.63306281936104,384.0,384.0,240.0,100.0,28.0
SCALE01,木板规模梯度1,board_scale,1,U1,普通设备降速,MG-LS,c48b9c3f4149e8ae,1382.633062819361,1382.633062819361,0.0,0.0,True,0,0,0.0,0.0,0.7479703933628843,0.9599830304922443,502.63306281936104,384.0,384.0,240.0,100.0,28.0
SCALE01,木板规模梯度1,board_scale,1,U2,精密设备降速,MG-LS,c48b9c3f4149e8ae,1382.633062819361,1382.633062819361,0.0,0.0,False,0,1,0.899904546518874,0.899904546518874,0.774236909706019,1.1999787881153052,502.63306281936104,384.0,384.0,240.0,100.0,28.0
SCALE01,木板规模梯度1,board_scale,1,U3,全设备降速,MG-LS,c48b9c3f4149e8ae,1382.633062819361,1382.633062819361,0.0,0.0,False,0,1,0.5822631026059994,0.5822631026059994,0.8090566030750462,1.129391800579111,502.63306281936104,384.0,384.0,240.0,100.0,28.0
SCALE01,木板规模梯度1,board_scale,1,U4,普通设备故障,MG-LS,c48b9c3f4149e8ae,1382.633062819361,1382.633062819361,0.0,0.0,False,2,0,0.0,0.0,0.548073131033757,0.9599830304922443,502.63306281936104,384.0,384.0,240.0,100.0,28.0
SCALE01,木板规模梯度1,board_scale,1,U5,精密设备故障,MG-LS,c48b9c3f4149e8ae,1382.633062819361,1382.633062819361,0.0,0.0,False,2,0,0.0,0.0,0.49570150651534056,0.7781440284320066,502.63306281936104,384.0,384.0,240.0,100.0,28.0
SCALE01,木板规模梯度1,board_scale,1,U6,隐藏裂缝,MG-LS,c48b9c3f4149e8ae,1325.9291637982028,1382.633062819361,-56.70389902115812,0.04101153121966562,False,0,1,0.026986725427363467,0.026986725427363467,0.7378385918442315,1.0059970500949698,453.9291637982029,384.0,384.0,240.0,100.0,36.0
SCALE01,木板规模梯度1,board_scale,1,U7,复合扰动,MG-LS,c48b9c3f4149e8ae,1325.9291637982028,1382.633062819361,-56.70389902115812,0.04101153121966562,False,2,1,0.5299852504748479,0.5299852504748479,0.6239751405651819,1.1177745001055217,453.9291637982029,384.0,384.0,240.0,100.0,36.0
SCALE02,木板规模梯度2,board_scale,2,U0,基准情景,VF,508ca950cae1179c,1860.649888196076,1860.649888196076,0.0,0.0,True,0,0,0.0,0.0,0.8594700846001633,1.0,877.6498881960763,576.0,480.0,180.0,225.0,28.0
SCALE02,木板规模梯度2,board_scale,2,U1,普通设备降速,VF,508ca950cae1179c,1860.649888196076,1860.649888196076,0.0,0.0,False,0,1,0.21868758063181648,0.21868758063181648,0.9444746093335254,1.0485972401404036,877.6498881960763,576.0,480.0,180.0,225.0,28.0
SCALE02,木板规模梯度2,board_scale,2,U2,精密设备降速,VF,508ca950cae1179c,1860.649888196076,1860.649888196076,0.0,0.0,False,0,2,1.625,1.125,0.9539145290446079,1.25,877.6498881960763,576.0,480.0,180.0,225.0,28.0
SCALE02,木板规模梯度2,board_scale,2,U3,全设备降速,VF,508ca950cae1179c,1860.649888196076,1860.649888196076,0.0,0.0,False,0,3,1.2186875806318165,0.7941176470588234,1.0111412760001923,1.1764705882352942,877.6498881960763,576.0,480.0,180.0,225.0,28.0
SCALE02,木板规模梯度2,board_scale,2,U4,普通设备故障,VF,508ca950cae1179c,1860.649888196076,1860.649888196076,0.0,0.0,False,2,0,0.0,0.0,0.7212396572466406,1.0,877.6498881960763,576.0,480.0,180.0,225.0,28.0
SCALE02,木板规模梯度2,board_scale,2,U5,精密设备故障,VF,508ca950cae1179c,1860.649888196076,1860.649888196076,0.0,0.0,False,2,0,0.0,0.0,0.6816923068223856,1.0,877.6498881960763,576.0,480.0,180.0,225.0,28.0
SCALE02,木板规模梯度2,board_scale,2,U6,隐藏裂缝,VF,508ca950cae1179c,1779.5994892253748,1860.649888196076,-81.05039897070128,0.04356026326332714,True,0,0,0.0,0.0,0.897604231764307,1.0,816.5994892253748,576.0,480.0,180.0,225.0,48.0
SCALE02,木板规模梯度2,board_scale,2,U7,复合扰动,VF,508ca950cae1179c,1779.5994892253748,1860.649888196076,-81.05039897070128,0.04356026326332714,False,2,1,0.5,0.5,0.7691844806273659,1.1111111111111112,816.5994892253748,576.0,480.0,180.0,225.0,48.0
SCALE02,木板规模梯度2,board_scale,2,U0,基准情景,VDF,c5c8bb1a0fa202cd,1669.6498881960763,1669.6498881960763,0.0,0.0,True,0,0,0.0,0.0,0.8122798501225696,0.9554907933915364,877.6498881960763,672.0,288.0,60.0,200.0,28.0
SCALE02,木板规模梯度2,board_scale,2,U1,普通设备降速,VDF,c5c8bb1a0fa202cd,1669.6498881960763,1669.6498881960763,0.0,0.0,False,0,3,1.2726851798215675,0.5584806708963699,0.9107644179880469,1.124106815754749,877.6498881960763,672.0,288.0,60.0,200.0,28.0
SCALE02,木板规模梯度2,board_scale,2,U2,精密设备降速,VDF,c5c8bb1a0fa202cd,1669.6498881960763,1669.6498881960763,0.0,0.0,True,0,0,0.0,0.0,0.8758300081771196,0.9554907933915364,877.6498881960763,672.0,288.0,60.0,200.0,28.0
SCALE02,木板规模梯度2,board_scale,2,U3,全设备降速,VDF,c5c8bb1a0fa202cd,1669.6498881960763,1669.6498881960763,0.0,0.0,False,0,3,1.2726851798215675,0.5584806708963699,0.9556233530853762,1.124106815754749,877.6498881960763,672.0,288.0,60.0,200.0,28.0
SCALE02,木板规模梯度2,board_scale,2,U4,普通设备故障,VDF,c5c8bb1a0fa202cd,1669.6498881960763,1669.6498881960763,0.0,0.0,False,3,0,0.0,0.0,0.6230765686742845,0.9554907933915364,877.6498881960763,672.0,288.0,60.0,200.0,28.0
SCALE02,木板规模梯度2,board_scale,2,U5,精密设备故障,VDF,c5c8bb1a0fa202cd,1669.6498881960763,1669.6498881960763,0.0,0.0,False,1,0,0.0,0.0,0.6970154912909192,0.9554907933915364,877.6498881960763,672.0,288.0,60.0,200.0,28.0
SCALE02,木板规模梯度2,board_scale,2,U6,隐藏裂缝,VDF,c5c8bb1a0fa202cd,1588.5994892253748,1669.6498881960763,-81.05039897070151,0.04854335004224748,False,0,1,0.19887243210611238,0.19887243210611238,0.8627334130055904,1.0441938738013583,816.5994892253748,672.0,288.0,60.0,200.0,48.0
SCALE02,木板规模梯度2,board_scale,2,U7,复合扰动,VDF,c5c8bb1a0fa202cd,1588.5994892253748,1669.6498881960763,-81.05039897070151,0.04854335004224748,False,3,0,0.0,0.0,0.6854063121980668,0.9625589744640239,816.5994892253748,672.0,288.0,60.0,200.0,48.0
SCALE02,木板规模梯度2,board_scale,2,U0,基准情景,MG,405c6076fedaed37,1754.6498881960763,1754.6498881960763,0.0,0.0,True,0,0,0.0,0.0,0.8202532814591587,0.9554907933915364,877.6498881960763,672.0,288.0,120.0,175.0,28.0
SCALE02,木板规模梯度2,board_scale,2,U1,普通设备降速,MG,405c6076fedaed37,1754.6498881960763,1754.6498881960763,0.0,0.0,False,0,3,0.7796535056312424,0.5584806708963699,0.9154509714967004,1.124106815754749,877.6498881960763,672.0,288.0,120.0,175.0,28.0
SCALE02,木板规模梯度2,board_scale,2,U2,精密设备降速,MG,405c6076fedaed37,1754.6498881960763,1754.6498881960763,0.0,0.0,False,0,1,0.15975050124943468,0.15975050124943468,0.8904532076040977,1.0355001113887632,877.6498881960763,672.0,288.0,120.0,175.0,28.0
SCALE02,木板规模梯度2,board_scale,2,U3,全设备降速,MG,405c6076fedaed37,1754.6498881960763,1754.6498881960763,0.0,0.0,False,0,3,0.7796535056312424,0.5584806708963699,0.9650038605401867,1.124106815754749,877.6498881960763,672.0,288.0,120.0,175.0,28.0
SCALE02,木板规模梯度2,board_scale,2,U4,普通设备故障,MG,405c6076fedaed37,1754.6498881960763,1754.6498881960763,0.0,0.0,False,3,0,0.0,0.0,0.6496756410358413,0.9554907933915364,877.6498881960763,672.0,288.0,120.0,175.0,28.0
SCALE02,木板规模梯度2,board_scale,2,U5,精密设备故障,MG,405c6076fedaed37,1754.6498881960763,1754.6498881960763,0.0,0.0,False,1,0,0.0,0.0,0.7051335947016046,0.9554907933915364,877.6498881960763,672.0,288.0,120.0,175.0,28.0
SCALE02,木板规模梯度2,board_scale,2,U6,隐藏裂缝,MG,405c6076fedaed37,1673.5994892253748,1754.6498881960763,-81.05039897070151,0.046191778494357044,True,0,0,0.0,0.0,0.8612107677276531,0.9625589744640239,816.5994892253748,672.0,288.0,120.0,175.0,48.0
SCALE02,木板规模梯度2,board_scale,2,U7,复合扰动,MG,405c6076fedaed37,1673.5994892253748,1754.6498881960763,-81.05039897070151,0.046191778494357044,False,3,0,0.0,0.0,0.718651269077694,0.9625589744640239,816.5994892253748,672.0,288.0,120.0,175.0,48.0
SCALE02,木板规模梯度2,board_scale,2,U0,基准情景,MG-LS,da9bbb0d9f0de3b2,2045.649888196076,2045.649888196076,0.0,0.0,True,0,0,0.0,0.0,0.9116210654891962,0.9554907933915364,877.6498881960763,672.0,384.0,240.0,100.0,28.0
SCALE02,木板规模梯度2,board_scale,2,U1,普通设备降速,MG-LS,da9bbb0d9f0de3b2,2045.649888196076,2045.649888196076,0.0,0.0,False,0,3,1.4496876011014992,0.5584806708963699,1.0112856494965397,1.124106815754749,877.6498881960763,672.0,384.0,240.0,100.0,28.0
SCALE02,木板规模梯度2,board_scale,2,U2,精密设备降速,MG-LS,da9bbb0d9f0de3b2,2045.649888196076,2045.649888196076,0.0,0.0,False,0,2,0.755299390713299,0.5955488894638643,0.9983348378510921,1.1323441976586366,877.6498881960763,672.0,384.0,240.0,100.0,28.0
SCALE02,木板规模梯度2,board_scale,2,U3,全设备降速,MG-LS,da9bbb0d9f0de3b2,2045.649888196076,2045.649888196076,0.0,0.0,False,0,4,1.7454983205969015,0.5584806708963699,1.0724953711637601,1.124106815754749,877.6498881960763,672.0,384.0,240.0,100.0,28.0
SCALE02,木板规模梯度2,board_scale,2,U4,普通设备故障,MG-LS,da9bbb0d9f0de3b2,2045.649888196076,2045.649888196076,0.0,0.0,False,3,0,0.0,0.0,0.7244746251932241,0.9554907933915364,877.6498881960763,672.0,384.0,240.0,100.0,28.0
SCALE02,木板规模梯度2,board_scale,2,U5,精密设备故障,MG-LS,da9bbb0d9f0de3b2,2045.649888196076,2045.649888196076,0.0,0.0,False,2,0,0.0,0.0,0.7304459938638144,0.9554907933915364,877.6498881960763,672.0,384.0,240.0,100.0,28.0
SCALE02,木板规模梯度2,board_scale,2,U6,隐藏裂缝,MG-LS,da9bbb0d9f0de3b2,1964.5994892253748,2045.649888196076,-81.05039897070128,0.039620855669576134,False,0,1,0.027068438274275408,0.027068438274275408,0.9379999105043485,1.0060152085053946,816.5994892253748,672.0,384.0,240.0,100.0,48.0
SCALE02,木板规模梯度2,board_scale,2,U7,复合扰动,MG-LS,da9bbb0d9f0de3b2,1964.5994892253748,2045.649888196076,-81.05039897070128,0.039620855669576134,False,3,1,0.029376790634545458,0.029376790634545458,0.7753363231863344,1.0065281756965656,816.5994892253748,672.0,384.0,240.0,100.0,48.0
SCALE03,木板规模梯度3,board_scale,3,U0,基准情景,VF,792681bc8c2f226a,2317.642951667583,2317.642951667583,0.0,0.0,True,0,0,0.0,0.0,0.906031746031746,1.0,1352.642951667583,672.0,480.0,120.0,275.0,32.0
SCALE03,木板规模梯度3,board_scale,3,U1,普通设备降速,VF,792681bc8c2f226a,2317.642951667583,2317.642951667583,0.0,0.0,False,0,2,0.7478991596638656,0.5420168067226889,0.9992530345471522,1.1204481792717087,1352.642951667583,672.0,480.0,120.0,275.0,32.0
SCALE03,木板规模梯度3,board_scale,3,U2,精密设备降速,VF,792681bc8c2f226a,2317.642951667583,2317.642951667583,0.0,0.0,False,0,2,1.625,1.125,1.0004761904761905,1.25,1352.642951667583,672.0,480.0,120.0,275.0,32.0
SCALE03,木板规模梯度3,board_scale,3,U3,全设备降速,VF,792681bc8c2f226a,2317.642951667583,2317.642951667583,0.0,0.0,False,0,4,1.7478991596638656,0.7941176470588234,1.065919701213819,1.1764705882352942,1352.642951667583,672.0,480.0,120.0,275.0,32.0
SCALE03,木板规模梯度3,board_scale,3,U4,普通设备故障,VF,792681bc8c2f226a,2317.642951667583,2317.642951667583,0.0,0.0,False,3,0,0.0,0.0,0.7460317460317459,1.0,1352.642951667583,672.0,480.0,120.0,275.0,32.0
SCALE03,木板规模梯度3,board_scale,3,U5,精密设备故障,VF,792681bc8c2f226a,2317.642951667583,2317.642951667583,0.0,0.0,False,2,0,0.0,0.0,0.7282539682539683,1.0,1352.642951667583,672.0,480.0,120.0,275.0,32.0
SCALE03,木板规模梯度3,board_scale,3,U6,隐藏裂缝,VF,792681bc8c2f226a,2232.2391164843593,2317.642951667583,-85.40383518322369,0.0368494358122653,False,0,1,0.18196769987457184,0.18196769987457184,0.9399635410493501,1.0404372666387938,1279.2391164843593,672.0,480.0,120.0,275.0,44.0
SCALE03,木板规模梯度3,board_scale,3,U7,复合扰动,VF,792681bc8c2f226a,2232.2391164843593,2317.642951667583,-85.40383518322369,0.0368494358122653,False,3,2,1.2021863331939677,0.7021863331939677,0.825306591419101,1.1560414073764373,1279.2391164843593,672.0,480.0,120.0,275.0,44.0
SCALE03,木板规模梯度3,board_scale,3,U0,基准情景,VDF,5caa894afcb76c4c,2622.642951667583,2622.642951667583,0.0,0.0,True,0,0,0.0,0.0,0.906031746031746,1.0,1352.642951667583,672.0,480.0,300.0,150.0,32.0
SCALE03,木板规模梯度3,board_scale,3,U1,普通设备降速,VDF,5caa894afcb76c4c,2622.642951667583,2622.642951667583,0.0,0.0,False,0,2,0.7478991596638656,0.5420168067226889,0.9992530345471522,1.1204481792717087,1352.642951667583,672.0,480.0,300.0,150.0,32.0
SCALE03,木板规模梯度3,board_scale,3,U2,精密设备降速,VDF,5caa894afcb76c4c,2622.642951667583,2622.642951667583,0.0,0.0,False,0,2,1.625,1.125,1.0004761904761905,1.25,1352.642951667583,672.0,480.0,300.0,150.0,32.0
SCALE03,木板规模梯度3,board_scale,3,U3,全设备降速,VDF,5caa894afcb76c4c,2622.642951667583,2622.642951667583,0.0,0.0,False,0,4,1.7478991596638656,0.7941176470588234,1.065919701213819,1.1764705882352942,1352.642951667583,672.0,480.0,300.0,150.0,32.0
SCALE03,木板规模梯度3,board_scale,3,U4,普通设备故障,VDF,5caa894afcb76c4c,2622.642951667583,2622.642951667583,0.0,0.0,False,3,0,0.0,0.0,0.7460317460317459,1.0,1352.642951667583,672.0,480.0,300.0,150.0,32.0
SCALE03,木板规模梯度3,board_scale,3,U5,精密设备故障,VDF,5caa894afcb76c4c,2622.642951667583,2622.642951667583,0.0,0.0,False,2,0,0.0,0.0,0.7282539682539683,1.0,1352.642951667583,672.0,480.0,300.0,150.0,32.0
SCALE03,木板规模梯度3,board_scale,3,U6,隐藏裂缝,VDF,5caa894afcb76c4c,2537.2391164843593,2622.642951667583,-85.40383518322369,0.032564034356609796,False,0,1,0.1426209540376595,0.1426209540376595,0.9224736802834134,1.0316935453417022,1279.2391164843593,672.0,480.0,300.0,150.0,44.0
SCALE03,木板规模梯度3,board_scale,3,U7,复合扰动,VDF,5caa894afcb76c4c,2537.2391164843593,2622.642951667583,-85.40383518322369,0.032564034356609796,False,3,1,0.6584677267085102,0.6584677267085102,0.8051532899329821,1.14632616149078,1279.2391164843593,672.0,480.0,300.0,150.0,44.0
SCALE03,木板规模梯度3,board_scale,3,U0,基准情景,MG,d362686e60a64edb,2587.642951667583,2587.642951667583,0.0,0.0,True,0,0,0.0,0.0,0.906031746031746,1.0,1352.642951667583,672.0,480.0,240.0,125.0,32.0
SCALE03,木板规模梯度3,board_scale,3,U1,普通设备降速,MG,d362686e60a64edb,2587.642951667583,2587.642951667583,0.0,0.0,False,0,2,0.7478991596638656,0.5420168067226889,0.9992530345471522,1.1204481792717087,1352.642951667583,672.0,480.0,240.0,125.0,32.0
SCALE03,木板规模梯度3,board_scale,3,U2,精密设备降速,MG,d362686e60a64edb,2587.642951667583,2587.642951667583,0.0,0.0,False,0,2,1.625,1.125,1.0004761904761905,1.25,1352.642951667583,672.0,480.0,240.0,125.0,32.0
SCALE03,木板规模梯度3,board_scale,3,U3,全设备降速,MG,d362686e60a64edb,2587.642951667583,2587.642951667583,0.0,0.0,False,0,4,1.7478991596638656,0.7941176470588234,1.065919701213819,1.1764705882352942,1352.642951667583,672.0,480.0,240.0,125.0,32.0
SCALE03,木板规模梯度3,board_scale,3,U4,普通设备故障,MG,d362686e60a64edb,2587.642951667583,2587.642951667583,0.0,0.0,False,3,0,0.0,0.0,0.7460317460317459,1.0,1352.642951667583,672.0,480.0,240.0,125.0,32.0
SCALE03,木板规模梯度3,board_scale,3,U5,精密设备故障,MG,d362686e60a64edb,2587.642951667583,2587.642951667583,0.0,0.0,False,2,0,0.0,0.0,0.7282539682539683,1.0,1352.642951667583,672.0,480.0,240.0,125.0,32.0
SCALE03,木板规模梯度3,board_scale,3,U6,隐藏裂缝,MG,d362686e60a64edb,2502.2391164843593,2587.642951667583,-85.40383518322369,0.033004489714543485,True,0,0,0.0,0.0,0.9212059384697454,1.0,1279.2391164843593,672.0,480.0,240.0,125.0,44.0
SCALE03,木板规模梯度3,board_scale,3,U7,复合扰动,MG,d362686e60a64edb,2502.2391164843593,2587.642951667583,-85.40383518322369,0.033004489714543485,False,3,1,0.5,0.5,0.7981102798570483,1.1111111111111112,1279.2391164843593,672.0,480.0,240.0,125.0,44.0
SCALE03,木板规模梯度3,board_scale,3,U0,基准情景,MG-LS,d362686e60a64edb,2587.642951667583,2587.642951667583,0.0,0.0,True,0,0,0.0,0.0,0.906031746031746,1.0,1352.642951667583,672.0,480.0,240.0,125.0,32.0
SCALE03,木板规模梯度3,board_scale,3,U1,普通设备降速,MG-LS,d362686e60a64edb,2587.642951667583,2587.642951667583,0.0,0.0,False,0,2,0.7478991596638656,0.5420168067226889,0.9992530345471522,1.1204481792717087,1352.642951667583,672.0,480.0,240.0,125.0,32.0
SCALE03,木板规模梯度3,board_scale,3,U2,精密设备降速,MG-LS,d362686e60a64edb,2587.642951667583,2587.642951667583,0.0,0.0,False,0,2,1.625,1.125,1.0004761904761905,1.25,1352.642951667583,672.0,480.0,240.0,125.0,32.0
SCALE03,木板规模梯度3,board_scale,3,U3,全设备降速,MG-LS,d362686e60a64edb,2587.642951667583,2587.642951667583,0.0,0.0,False,0,4,1.7478991596638656,0.7941176470588234,1.065919701213819,1.1764705882352942,1352.642951667583,672.0,480.0,240.0,125.0,32.0
SCALE03,木板规模梯度3,board_scale,3,U4,普通设备故障,MG-LS,d362686e60a64edb,2587.642951667583,2587.642951667583,0.0,0.0,False,3,0,0.0,0.0,0.7460317460317459,1.0,1352.642951667583,672.0,480.0,240.0,125.0,32.0
SCALE03,木板规模梯度3,board_scale,3,U5,精密设备故障,MG-LS,d362686e60a64edb,2587.642951667583,2587.642951667583,0.0,0.0,False,2,0,0.0,0.0,0.7282539682539683,1.0,1352.642951667583,672.0,480.0,240.0,125.0,32.0
SCALE03,木板规模梯度3,board_scale,3,U6,隐藏裂缝,MG-LS,d362686e60a64edb,2502.2391164843593,2587.642951667583,-85.40383518322369,0.033004489714543485,True,0,0,0.0,0.0,0.9212059384697454,1.0,1279.2391164843593,672.0,480.0,240.0,125.0,44.0
SCALE03,木板规模梯度3,board_scale,3,U7,复合扰动,MG-LS,d362686e60a64edb,2502.2391164843593,2587.642951667583,-85.40383518322369,0.033004489714543485,False,3,1,0.5,0.5,0.7981102798570483,1.1111111111111112,1279.2391164843593,672.0,480.0,240.0,125.0,44.0
SCALE04,木板规模梯度4,board_scale,4,U0,基准情景,VF,d76a8e46de67375a,2533.2181608554865,2533.2181608554865,0.0,0.0,True,0,0,0.0,0.0,0.906031746031746,1.0,1580.2181608554863,672.0,480.0,120.0,275.0,44.0
SCALE04,木板规模梯度4,board_scale,4,U1,普通设备降速,VF,d76a8e46de67375a,2533.2181608554865,2533.2181608554865,0.0,0.0,False,0,2,0.7478991596638656,0.5420168067226889,0.9992530345471522,1.1204481792717087,1580.2181608554863,672.0,480.0,120.0,275.0,44.0
SCALE04,木板规模梯度4,board_scale,4,U2,精密设备降速,VF,d76a8e46de67375a,2533.2181608554865,2533.2181608554865,0.0,0.0,False,0,2,1.625,1.125,1.0004761904761905,1.25,1580.2181608554863,672.0,480.0,120.0,275.0,44.0
SCALE04,木板规模梯度4,board_scale,4,U3,全设备降速,VF,d76a8e46de67375a,2533.2181608554865,2533.2181608554865,0.0,0.0,False,0,4,1.7478991596638656,0.7941176470588234,1.065919701213819,1.1764705882352942,1580.2181608554863,672.0,480.0,120.0,275.0,44.0
SCALE04,木板规模梯度4,board_scale,4,U4,普通设备故障,VF,d76a8e46de67375a,2533.2181608554865,2533.2181608554865,0.0,0.0,False,3,0,0.0,0.0,0.7460317460317459,1.0,1580.2181608554863,672.0,480.0,120.0,275.0,44.0
SCALE04,木板规模梯度4,board_scale,4,U5,精密设备故障,VF,d76a8e46de67375a,2533.2181608554865,2533.2181608554865,0.0,0.0,False,2,0,0.0,0.0,0.7282539682539683,1.0,1580.2181608554863,672.0,480.0,120.0,275.0,44.0
SCALE04,木板规模梯度4,board_scale,4,U6,隐藏裂缝,VF,d76a8e46de67375a,2436.1478755326484,2533.2181608554865,-97.07028532283812,0.038318959978581854,False,0,1,0.04591193896272383,0.04591193896272383,0.9410992177870302,1.0102026531028274,1495.1478755326484,672.0,480.0,120.0,275.0,56.0
SCALE04,木板规模梯度4,board_scale,4,U7,复合扰动,VF,d76a8e46de67375a,2436.1478755326484,2533.2181608554865,-97.07028532283812,0.038318959978581854,False,3,2,1.0510132655141362,0.5510132655141362,0.8257703878559818,1.1224473923364746,1495.1478755326484,672.0,480.0,120.0,275.0,56.0
SCALE04,木板规模梯度4,board_scale,4,U0,基准情景,VDF,502a42cb2b673bbd,2643.2181608554865,2643.2181608554865,0.0,0.0,True,0,0,0.0,0.0,0.906031746031746,1.0,1580.2181608554863,672.0,480.0,180.0,225.0,44.0
SCALE04,木板规模梯度4,board_scale,4,U1,普通设备降速,VDF,502a42cb2b673bbd,2643.2181608554865,2643.2181608554865,0.0,0.0,False,0,2,0.7478991596638656,0.5420168067226889,0.9992530345471522,1.1204481792717087,1580.2181608554863,672.0,480.0,180.0,225.0,44.0
SCALE04,木板规模梯度4,board_scale,4,U2,精密设备降速,VDF,502a42cb2b673bbd,2643.2181608554865,2643.2181608554865,0.0,0.0,False,0,2,1.625,1.125,1.0004761904761905,1.25,1580.2181608554863,672.0,480.0,180.0,225.0,44.0
SCALE04,木板规模梯度4,board_scale,4,U3,全设备降速,VDF,502a42cb2b673bbd,2643.2181608554865,2643.2181608554865,0.0,0.0,False,0,4,1.7478991596638656,0.7941176470588234,1.065919701213819,1.1764705882352942,1580.2181608554863,672.0,480.0,180.0,225.0,44.0
SCALE04,木板规模梯度4,board_scale,4,U4,普通设备故障,VDF,502a42cb2b673bbd,2643.2181608554865,2643.2181608554865,0.0,0.0,False,3,0,0.0,0.0,0.7460317460317459,1.0,1580.2181608554863,672.0,480.0,180.0,225.0,44.0
SCALE04,木板规模梯度4,board_scale,4,U5,精密设备故障,VDF,502a42cb2b673bbd,2643.2181608554865,2643.2181608554865,0.0,0.0,False,2,0,0.0,0.0,0.7282539682539683,1.0,1580.2181608554863,672.0,480.0,180.0,225.0,44.0
SCALE04,木板规模梯度4,board_scale,4,U6,隐藏裂缝,VDF,502a42cb2b673bbd,2546.1478755326484,2643.2181608554865,-97.07028532283812,0.03672428056086789,False,0,1,0.09827936854007557,0.09827936854007557,0.9280111117715993,1.0218398596755724,1495.1478755326484,672.0,480.0,180.0,225.0,56.0
SCALE04,木板规模梯度4,board_scale,4,U7,复合扰动,VDF,502a42cb2b673bbd,2546.1478755326484,2643.2181608554865,-97.07028532283812,0.03672428056086789,False,3,2,0.5982793685400756,0.5,0.8099864204135745,1.1111111111111112,1495.1478755326484,672.0,480.0,180.0,225.0,56.0
SCALE04,木板规模梯度4,board_scale,4,U0,基准情景,MG,134ed6b02e1abc59,2803.2181608554865,2803.2181608554865,0.0,0.0,True,0,0,0.0,0.0,0.906031746031746,1.0,1580.2181608554863,672.0,480.0,240.0,125.0,44.0
SCALE04,木板规模梯度4,board_scale,4,U1,普通设备降速,MG,134ed6b02e1abc59,2803.2181608554865,2803.2181608554865,0.0,0.0,False,0,2,0.7478991596638656,0.5420168067226889,0.9992530345471522,1.1204481792717087,1580.2181608554863,672.0,480.0,240.0,125.0,44.0
SCALE04,木板规模梯度4,board_scale,4,U2,精密设备降速,MG,134ed6b02e1abc59,2803.2181608554865,2803.2181608554865,0.0,0.0,False,0,2,1.625,1.125,1.0004761904761905,1.25,1580.2181608554863,672.0,480.0,240.0,125.0,44.0
SCALE04,木板规模梯度4,board_scale,4,U3,全设备降速,MG,134ed6b02e1abc59,2803.2181608554865,2803.2181608554865,0.0,0.0,False,0,4,1.7478991596638656,0.7941176470588234,1.065919701213819,1.1764705882352942,1580.2181608554863,672.0,480.0,240.0,125.0,44.0
SCALE04,木板规模梯度4,board_scale,4,U4,普通设备故障,MG,134ed6b02e1abc59,2803.2181608554865,2803.2181608554865,0.0,0.0,False,3,0,0.0,0.0,0.7460317460317459,1.0,1580.2181608554863,672.0,480.0,240.0,125.0,44.0
SCALE04,木板规模梯度4,board_scale,4,U5,精密设备故障,MG,134ed6b02e1abc59,2803.2181608554865,2803.2181608554865,0.0,0.0,False,2,0,0.0,0.0,0.7282539682539683,1.0,1580.2181608554863,672.0,480.0,240.0,125.0,44.0
SCALE04,木板规模梯度4,board_scale,4,U6,隐藏裂缝,MG,134ed6b02e1abc59,2706.1478755326484,2803.2181608554865,-97.07028532283812,0.03462815940562193,False,0,1,0.09827936854007557,0.09827936854007557,0.9280111117715993,1.0218398596755724,1495.1478755326484,672.0,480.0,240.0,125.0,56.0
SCALE04,木板规模梯度4,board_scale,4,U7,复合扰动,MG,134ed6b02e1abc59,2706.1478755326484,2803.2181608554865,-97.07028532283812,0.03462815940562193,False,3,2,0.5982793685400756,0.5,0.8099864204135745,1.1111111111111112,1495.1478755326484,672.0,480.0,240.0,125.0,56.0
SCALE04,木板规模梯度4,board_scale,4,U0,基准情景,MG-LS,134ed6b02e1abc59,2803.2181608554865,2803.2181608554865,0.0,0.0,True,0,0,0.0,0.0,0.906031746031746,1.0,1580.2181608554863,672.0,480.0,240.0,125.0,44.0
SCALE04,木板规模梯度4,board_scale,4,U1,普通设备降速,MG-LS,134ed6b02e1abc59,2803.2181608554865,2803.2181608554865,0.0,0.0,False,0,2,0.7478991596638656,0.5420168067226889,0.9992530345471522,1.1204481792717087,1580.2181608554863,672.0,480.0,240.0,125.0,44.0
SCALE04,木板规模梯度4,board_scale,4,U2,精密设备降速,MG-LS,134ed6b02e1abc59,2803.2181608554865,2803.2181608554865,0.0,0.0,False,0,2,1.625,1.125,1.0004761904761905,1.25,1580.2181608554863,672.0,480.0,240.0,125.0,44.0
SCALE04,木板规模梯度4,board_scale,4,U3,全设备降速,MG-LS,134ed6b02e1abc59,2803.2181608554865,2803.2181608554865,0.0,0.0,False,0,4,1.7478991596638656,0.7941176470588234,1.065919701213819,1.1764705882352942,1580.2181608554863,672.0,480.0,240.0,125.0,44.0
SCALE04,木板规模梯度4,board_scale,4,U4,普通设备故障,MG-LS,134ed6b02e1abc59,2803.2181608554865,2803.2181608554865,0.0,0.0,False,3,0,0.0,0.0,0.7460317460317459,1.0,1580.2181608554863,672.0,480.0,240.0,125.0,44.0
SCALE04,木板规模梯度4,board_scale,4,U5,精密设备故障,MG-LS,134ed6b02e1abc59,2803.2181608554865,2803.2181608554865,0.0,0.0,False,2,0,0.0,0.0,0.7282539682539683,1.0,1580.2181608554863,672.0,480.0,240.0,125.0,44.0
SCALE04,木板规模梯度4,board_scale,4,U6,隐藏裂缝,MG-LS,134ed6b02e1abc59,2706.1478755326484,2803.2181608554865,-97.07028532283812,0.03462815940562193,False,0,1,0.09827936854007557,0.09827936854007557,0.9280111117715993,1.0218398596755724,1495.1478755326484,672.0,480.0,240.0,125.0,56.0
SCALE04,木板规模梯度4,board_scale,4,U7,复合扰动,MG-LS,134ed6b02e1abc59,2706.1478755326484,2803.2181608554865,-97.07028532283812,0.03462815940562193,False,3,2,0.5982793685400756,0.5,0.8099864204135745,1.1111111111111112,1495.1478755326484,672.0,480.0,240.0,125.0,56.0
SCALE05,木板规模梯度5,board_scale,5,U0,基准情景,VF,c1dc36671936ef6b,3196.266125638722,3196.266125638722,0.0,0.0,True,0,0,0.0,0.0,0.906031746031746,1.0,2205.266125638722,672.0,480.0,120.0,225.0,56.0
SCALE05,木板规模梯度5,board_scale,5,U1,普通设备降速,VF,c1dc36671936ef6b,3196.266125638722,3196.266125638722,0.0,0.0,False,0,2,0.7478991596638656,0.5420168067226889,0.9992530345471522,1.1204481792717087,2205.266125638722,672.0,480.0,120.0,225.0,56.0
SCALE05,木板规模梯度5,board_scale,5,U2,精密设备降速,VF,c1dc36671936ef6b,3196.266125638722,3196.266125638722,0.0,0.0,False,0,2,1.625,1.125,1.0004761904761905,1.25,2205.266125638722,672.0,480.0,120.0,225.0,56.0
SCALE05,木板规模梯度5,board_scale,5,U3,全设备降速,VF,c1dc36671936ef6b,3196.266125638722,3196.266125638722,0.0,0.0,False,0,4,1.7478991596638656,0.7941176470588234,1.065919701213819,1.1764705882352942,2205.266125638722,672.0,480.0,120.0,225.0,56.0
SCALE05,木板规模梯度5,board_scale,5,U4,普通设备故障,VF,c1dc36671936ef6b,3196.266125638722,3196.266125638722,0.0,0.0,False,3,0,0.0,0.0,0.7460317460317459,1.0,2205.266125638722,672.0,480.0,120.0,225.0,56.0
SCALE05,木板规模梯度5,board_scale,5,U5,精密设备故障,VF,c1dc36671936ef6b,3196.266125638722,3196.266125638722,0.0,0.0,False,2,0,0.0,0.0,0.7282539682539683,1.0,2205.266125638722,672.0,480.0,120.0,225.0,56.0
SCALE05,木板规模梯度5,board_scale,5,U6,隐藏裂缝,VF,c1dc36671936ef6b,3074.8583275964056,3196.266125638722,-121.40779804231624,0.037984258278260505,True,0,0,0.0,0.0,0.9121669486454426,1.0,2107.8583275964056,672.0,480.0,120.0,225.0,80.0
SCALE05,木板规模梯度5,board_scale,5,U7,复合扰动,VF,c1dc36671936ef6b,3074.8583275964056,3196.266125638722,-121.40779804231624,0.037984258278260505,False,3,1,0.5,0.5,0.794142257287418,1.1111111111111112,2107.8583275964056,672.0,480.0,120.0,225.0,80.0
SCALE05,木板规模梯度5,board_scale,5,U0,基准情景,VDF,be823c09feb5045b,2986.266125638722,2986.266125638722,0.0,0.0,True,0,0,0.0,0.0,0.906031746031746,1.0,2205.266125638722,672.0,480.0,60.0,375.0,56.0
SCALE05,木板规模梯度5,board_scale,5,U1,普通设备降速,VDF,be823c09feb5045b,2986.266125638722,2986.266125638722,0.0,0.0,False,0,2,0.7478991596638656,0.5420168067226889,0.9992530345471522,1.1204481792717087,2205.266125638722,672.0,480.0,60.0,375.0,56.0
SCALE05,木板规模梯度5,board_scale,5,U2,精密设备降速,VDF,be823c09feb5045b,2986.266125638722,2986.266125638722,0.0,0.0,False,0,2,1.625,1.125,1.0004761904761905,1.25,2205.266125638722,672.0,480.0,60.0,375.0,56.0
SCALE05,木板规模梯度5,board_scale,5,U3,全设备降速,VDF,be823c09feb5045b,2986.266125638722,2986.266125638722,0.0,0.0,False,0,4,1.7478991596638656,0.7941176470588234,1.065919701213819,1.1764705882352942,2205.266125638722,672.0,480.0,60.0,375.0,56.0
SCALE05,木板规模梯度5,board_scale,5,U4,普通设备故障,VDF,be823c09feb5045b,2986.266125638722,2986.266125638722,0.0,0.0,False,3,0,0.0,0.0,0.7460317460317459,1.0,2205.266125638722,672.0,480.0,60.0,375.0,56.0
SCALE05,木板规模梯度5,board_scale,5,U5,精密设备故障,VDF,be823c09feb5045b,2986.266125638722,2986.266125638722,0.0,0.0,False,2,0,0.0,0.0,0.7282539682539683,1.0,2205.266125638722,672.0,480.0,60.0,375.0,56.0
SCALE05,木板规模梯度5,board_scale,5,U6,隐藏裂缝,VDF,be823c09feb5045b,2864.8583275964056,2986.266125638722,-121.40779804231624,0.040655384662459965,True,0,0,0.0,0.0,0.9139198636779275,1.0,2107.8583275964056,672.0,480.0,60.0,375.0,80.0
SCALE05,木板规模梯度5,board_scale,5,U7,复合扰动,VDF,be823c09feb5045b,2864.8583275964056,2986.266125638722,-121.40779804231624,0.040655384662459965,False,3,1,0.5,0.5,0.7958951723199028,1.1111111111111112,2107.8583275964056,672.0,480.0,60.0,375.0,80.0
SCALE05,木板规模梯度5,board_scale,5,U0,基准情景,MG,df6db2e61d85f90f,3391.266125638722,3391.266125638722,0.0,0.0,True,0,0,0.0,0.0,0.906031746031746,1.0,2205.266125638722,672.0,480.0,240.0,150.0,56.0
SCALE05,木板规模梯度5,board_scale,5,U1,普通设备降速,MG,df6db2e61d85f90f,3391.266125638722,3391.266125638722,0.0,0.0,False,0,2,0.7478991596638656,0.5420168067226889,0.9992530345471522,1.1204481792717087,2205.266125638722,672.0,480.0,240.0,150.0,56.0
SCALE05,木板规模梯度5,board_scale,5,U2,精密设备降速,MG,df6db2e61d85f90f,3391.266125638722,3391.266125638722,0.0,0.0,False,0,2,1.625,1.125,1.0004761904761905,1.25,2205.266125638722,672.0,480.0,240.0,150.0,56.0
SCALE05,木板规模梯度5,board_scale,5,U3,全设备降速,MG,df6db2e61d85f90f,3391.266125638722,3391.266125638722,0.0,0.0,False,0,4,1.7478991596638656,0.7941176470588234,1.065919701213819,1.1764705882352942,2205.266125638722,672.0,480.0,240.0,150.0,56.0
SCALE05,木板规模梯度5,board_scale,5,U4,普通设备故障,MG,df6db2e61d85f90f,3391.266125638722,3391.266125638722,0.0,0.0,False,3,0,0.0,0.0,0.7460317460317459,1.0,2205.266125638722,672.0,480.0,240.0,150.0,56.0
SCALE05,木板规模梯度5,board_scale,5,U5,精密设备故障,MG,df6db2e61d85f90f,3391.266125638722,3391.266125638722,0.0,0.0,False,2,0,0.0,0.0,0.7282539682539683,1.0,2205.266125638722,672.0,480.0,240.0,150.0,56.0
SCALE05,木板规模梯度5,board_scale,5,U6,隐藏裂缝,MG,df6db2e61d85f90f,3269.8583275964056,3391.266125638722,-121.40779804231624,0.03580013881082539,True,0,0,0.0,0.0,0.9139198636779275,1.0,2107.8583275964056,672.0,480.0,240.0,150.0,80.0
SCALE05,木板规模梯度5,board_scale,5,U7,复合扰动,MG,df6db2e61d85f90f,3269.8583275964056,3391.266125638722,-121.40779804231624,0.03580013881082539,False,3,1,0.5,0.5,0.7958951723199028,1.1111111111111112,2107.8583275964056,672.0,480.0,240.0,150.0,80.0
SCALE05,木板规模梯度5,board_scale,5,U0,基准情景,MG-LS,c412e297ffa0b086,3476.266125638722,3476.266125638722,0.0,0.0,True,0,0,0.0,0.0,0.906031746031746,1.0,2205.266125638722,672.0,480.0,300.0,125.0,56.0
SCALE05,木板规模梯度5,board_scale,5,U1,普通设备降速,MG-LS,c412e297ffa0b086,3476.266125638722,3476.266125638722,0.0,0.0,False,0,2,0.7478991596638656,0.5420168067226889,0.9992530345471522,1.1204481792717087,2205.266125638722,672.0,480.0,300.0,125.0,56.0
SCALE05,木板规模梯度5,board_scale,5,U2,精密设备降速,MG-LS,c412e297ffa0b086,3476.266125638722,3476.266125638722,0.0,0.0,False,0,2,1.625,1.125,1.0004761904761905,1.25,2205.266125638722,672.0,480.0,300.0,125.0,56.0
SCALE05,木板规模梯度5,board_scale,5,U3,全设备降速,MG-LS,c412e297ffa0b086,3476.266125638722,3476.266125638722,0.0,0.0,False,0,4,1.7478991596638656,0.7941176470588234,1.065919701213819,1.1764705882352942,2205.266125638722,672.0,480.0,300.0,125.0,56.0
SCALE05,木板规模梯度5,board_scale,5,U4,普通设备故障,MG-LS,c412e297ffa0b086,3476.266125638722,3476.266125638722,0.0,0.0,False,3,0,0.0,0.0,0.7460317460317459,1.0,2205.266125638722,672.0,480.0,300.0,125.0,56.0
SCALE05,木板规模梯度5,board_scale,5,U5,精密设备故障,MG-LS,c412e297ffa0b086,3476.266125638722,3476.266125638722,0.0,0.0,False,2,0,0.0,0.0,0.7282539682539683,1.0,2205.266125638722,672.0,480.0,300.0,125.0,56.0
SCALE05,木板规模梯度5,board_scale,5,U6,隐藏裂缝,MG-LS,c412e297ffa0b086,3354.8583275964056,3476.266125638722,-121.40779804231624,0.03492477090487686,True,0,0,0.0,0.0,0.9139198636779275,1.0,2107.8583275964056,672.0,480.0,300.0,125.0,80.0
SCALE05,木板规模梯度5,board_scale,5,U7,复合扰动,MG-LS,c412e297ffa0b086,3354.8583275964056,3476.266125638722,-121.40779804231624,0.03492477090487686,False,3,1,0.5,0.5,0.7958951723199028,1.1111111111111112,2107.8583275964056,672.0,480.0,300.0,125.0,80.0
SCALE06,木板规模梯度6,board_scale,6,U0,基准情景,VF,9e08e31a6c1c08cd,3949.9875784665837,3949.9875784665837,0.0,0.0,True,0,0,0.0,0.0,0.906031746031746,1.0,2759.9875784665833,672.0,480.0,240.0,150.0,52.0
SCALE06,木板规模梯度6,board_scale,6,U1,普通设备降速,VF,9e08e31a6c1c08cd,3949.9875784665837,3949.9875784665837,0.0,0.0,False,0,2,0.7478991596638656,0.5420168067226889,0.9992530345471522,1.1204481792717087,2759.9875784665833,672.0,480.0,240.0,150.0,52.0
SCALE06,木板规模梯度6,board_scale,6,U2,精密设备降速,VF,9e08e31a6c1c08cd,3949.9875784665837,3949.9875784665837,0.0,0.0,False,0,2,1.625,1.125,1.0004761904761905,1.25,2759.9875784665833,672.0,480.0,240.0,150.0,52.0
SCALE06,木板规模梯度6,board_scale,6,U3,全设备降速,VF,9e08e31a6c1c08cd,3949.9875784665837,3949.9875784665837,0.0,0.0,False,0,4,1.7478991596638656,0.7941176470588234,1.065919701213819,1.1764705882352942,2759.9875784665833,672.0,480.0,240.0,150.0,52.0
SCALE06,木板规模梯度6,board_scale,6,U4,普通设备故障,VF,9e08e31a6c1c08cd,3949.9875784665837,3949.9875784665837,0.0,0.0,False,3,0,0.0,0.0,0.7460317460317459,1.0,2759.9875784665833,672.0,480.0,240.0,150.0,52.0
SCALE06,木板规模梯度6,board_scale,6,U5,精密设备故障,VF,9e08e31a6c1c08cd,3949.9875784665837,3949.9875784665837,0.0,0.0,False,2,0,0.0,0.0,0.7282539682539683,1.0,2759.9875784665833,672.0,480.0,240.0,150.0,52.0
SCALE06,木板规模梯度6,board_scale,6,U6,隐藏裂缝,VF,9e08e31a6c1c08cd,3801.124283741384,3949.9875784665837,-148.86329472519992,0.037687028571110046,True,0,0,0.0,0.0,0.928356985706397,1.0,2639.124283741384,672.0,480.0,240.0,150.0,80.0
SCALE06,木板规模梯度6,board_scale,6,U7,复合扰动,VF,9e08e31a6c1c08cd,3801.124283741384,3949.9875784665837,-148.86329472519992,0.037687028571110046,False,3,1,0.5,0.5,0.7907977096330526,1.1111111111111112,2639.124283741384,672.0,480.0,240.0,150.0,80.0
SCALE06,木板规模梯度6,board_scale,6,U0,基准情景,VDF,081150d41515c7df,3654.9875784665833,3654.9875784665833,0.0,0.0,True,0,0,0.0,0.0,0.906031746031746,1.0,2759.9875784665833,672.0,480.0,120.0,325.0,52.0
SCALE06,木板规模梯度6,board_scale,6,U1,普通设备降速,VDF,081150d41515c7df,3654.9875784665833,3654.9875784665833,0.0,0.0,False,0,2,0.7478991596638656,0.5420168067226889,0.9992530345471522,1.1204481792717087,2759.9875784665833,672.0,480.0,120.0,325.0,52.0
SCALE06,木板规模梯度6,board_scale,6,U2,精密设备降速,VDF,081150d41515c7df,3654.9875784665833,3654.9875784665833,0.0,0.0,False,0,2,1.625,1.125,1.0004761904761905,1.25,2759.9875784665833,672.0,480.0,120.0,325.0,52.0
SCALE06,木板规模梯度6,board_scale,6,U3,全设备降速,VDF,081150d41515c7df,3654.9875784665833,3654.9875784665833,0.0,0.0,False,0,4,1.7478991596638656,0.7941176470588234,1.065919701213819,1.1764705882352942,2759.9875784665833,672.0,480.0,120.0,325.0,52.0
SCALE06,木板规模梯度6,board_scale,6,U4,普通设备故障,VDF,081150d41515c7df,3654.9875784665833,3654.9875784665833,0.0,0.0,False,3,0,0.0,0.0,0.7460317460317459,1.0,2759.9875784665833,672.0,480.0,120.0,325.0,52.0
SCALE06,木板规模梯度6,board_scale,6,U5,精密设备故障,VDF,081150d41515c7df,3654.9875784665833,3654.9875784665833,0.0,0.0,False,2,0,0.0,0.0,0.7282539682539683,1.0,2759.9875784665833,672.0,480.0,120.0,325.0,52.0
SCALE06,木板规模梯度6,board_scale,6,U6,隐藏裂缝,VDF,081150d41515c7df,3506.124283741384,3654.9875784665833,-148.86329472519947,0.04072881002447995,False,0,1,0.23254692682448663,0.23254692682448663,0.9424963041670094,1.051677094849886,2639.124283741384,672.0,480.0,120.0,325.0,80.0
SCALE06,木板规模梯度6,board_scale,6,U7,复合扰动,VDF,081150d41515c7df,3506.124283741384,3654.9875784665833,-148.86329472519947,0.04072881002447995,False,3,2,1.2583854742494287,0.7583854742494287,0.824182211553943,1.168530105388762,2639.124283741384,672.0,480.0,120.0,325.0,80.0
SCALE06,木板规模梯度6,board_scale,6,U0,基准情景,MG,b528780b958bca24,3924.9875784665837,3924.9875784665837,0.0,0.0,True,0,0,0.0,0.0,0.906031746031746,1.0,2759.9875784665833,672.0,480.0,240.0,175.0,52.0
SCALE06,木板规模梯度6,board_scale,6,U1,普通设备降速,MG,b528780b958bca24,3924.9875784665837,3924.9875784665837,0.0,0.0,False,0,2,0.7478991596638656,0.5420168067226889,0.9992530345471522,1.1204481792717087,2759.9875784665833,672.0,480.0,240.0,175.0,52.0
SCALE06,木板规模梯度6,board_scale,6,U2,精密设备降速,MG,b528780b958bca24,3924.9875784665837,3924.9875784665837,0.0,0.0,False,0,2,1.625,1.125,1.0004761904761905,1.25,2759.9875784665833,672.0,480.0,240.0,175.0,52.0
SCALE06,木板规模梯度6,board_scale,6,U3,全设备降速,MG,b528780b958bca24,3924.9875784665837,3924.9875784665837,0.0,0.0,False,0,4,1.7478991596638656,0.7941176470588234,1.065919701213819,1.1764705882352942,2759.9875784665833,672.0,480.0,240.0,175.0,52.0
SCALE06,木板规模梯度6,board_scale,6,U4,普通设备故障,MG,b528780b958bca24,3924.9875784665837,3924.9875784665837,0.0,0.0,False,3,0,0.0,0.0,0.7460317460317459,1.0,2759.9875784665833,672.0,480.0,240.0,175.0,52.0
SCALE06,木板规模梯度6,board_scale,6,U5,精密设备故障,MG,b528780b958bca24,3924.9875784665837,3924.9875784665837,0.0,0.0,False,2,0,0.0,0.0,0.7282539682539683,1.0,2759.9875784665833,672.0,480.0,240.0,175.0,52.0
SCALE06,木板规模梯度6,board_scale,6,U6,隐藏裂缝,MG,b528780b958bca24,3776.124283741384,3924.9875784665837,-148.86329472519992,0.03792707409875624,True,0,0,0.0,0.0,0.906031746031746,1.0,2639.124283741384,672.0,480.0,240.0,175.0,80.0
SCALE06,木板规模梯度6,board_scale,6,U7,复合扰动,MG,b528780b958bca24,3776.124283741384,3924.9875784665837,-148.86329472519992,0.03792707409875624,False,3,1,0.5,0.5,0.7880070546737213,1.1111111111111112,2639.124283741384,672.0,480.0,240.0,175.0,80.0
SCALE06,木板规模梯度6,board_scale,6,U0,基准情景,MG-LS,4abbef1a5749c284,3949.9875784665837,3949.9875784665837,0.0,0.0,True,0,0,0.0,0.0,0.906031746031746,1.0,2759.9875784665833,672.0,480.0,240.0,150.0,52.0
SCALE06,木板规模梯度6,board_scale,6,U1,普通设备降速,MG-LS,4abbef1a5749c284,3949.9875784665837,3949.9875784665837,0.0,0.0,False,0,2,0.7478991596638656,0.5420168067226889,0.9992530345471522,1.1204481792717087,2759.9875784665833,672.0,480.0,240.0,150.0,52.0
SCALE06,木板规模梯度6,board_scale,6,U2,精密设备降速,MG-LS,4abbef1a5749c284,3949.9875784665837,3949.9875784665837,0.0,0.0,False,0,2,1.625,1.125,1.0004761904761905,1.25,2759.9875784665833,672.0,480.0,240.0,150.0,52.0
SCALE06,木板规模梯度6,board_scale,6,U3,全设备降速,MG-LS,4abbef1a5749c284,3949.9875784665837,3949.9875784665837,0.0,0.0,False,0,4,1.7478991596638656,0.7941176470588234,1.065919701213819,1.1764705882352942,2759.9875784665833,672.0,480.0,240.0,150.0,52.0
SCALE06,木板规模梯度6,board_scale,6,U4,普通设备故障,MG-LS,4abbef1a5749c284,3949.9875784665837,3949.9875784665837,0.0,0.0,False,3,0,0.0,0.0,0.7460317460317459,1.0,2759.9875784665833,672.0,480.0,240.0,150.0,52.0
SCALE06,木板规模梯度6,board_scale,6,U5,精密设备故障,MG-LS,4abbef1a5749c284,3949.9875784665837,3949.9875784665837,0.0,0.0,False,2,0,0.0,0.0,0.7282539682539683,1.0,2759.9875784665833,672.0,480.0,240.0,150.0,52.0
SCALE06,木板规模梯度6,board_scale,6,U6,隐藏裂缝,MG-LS,4abbef1a5749c284,3801.124283741384,3949.9875784665837,-148.86329472519992,0.037687028571110046,True,0,0,0.0,0.0,0.906031746031746,1.0,2639.124283741384,672.0,480.0,240.0,150.0,80.0
SCALE06,木板规模梯度6,board_scale,6,U7,复合扰动,MG-LS,4abbef1a5749c284,3801.124283741384,3949.9875784665837,-148.86329472519992,0.037687028571110046,False,3,1,0.5,0.5,0.7880070546737213,1.1111111111111112,2639.124283741384,672.0,480.0,240.0,150.0,80.0
CRACK01,裂缝分布梯度1,crack_distribution,1,U0,基准情景,VF,c061a043533812fc,2767.0,2767.0,0.0,0.0,True,0,0,0.0,0.0,0.906031746031746,1.0,1500.0,672.0,480.0,240.0,125.0,0.0
CRACK01,裂缝分布梯度1,crack_distribution,1,U1,普通设备降速,VF,c061a043533812fc,2767.0,2767.0,0.0,0.0,False,0,2,0.7478991596638656,0.5420168067226889,0.9992530345471522,1.1204481792717087,1500.0,672.0,480.0,240.0,125.0,0.0
CRACK01,裂缝分布梯度1,crack_distribution,1,U2,精密设备降速,VF,c061a043533812fc,2767.0,2767.0,0.0,0.0,False,0,2,1.625,1.125,1.0004761904761905,1.25,1500.0,672.0,480.0,240.0,125.0,0.0
CRACK01,裂缝分布梯度1,crack_distribution,1,U3,全设备降速,VF,c061a043533812fc,2767.0,2767.0,0.0,0.0,False,0,4,1.7478991596638656,0.7941176470588234,1.065919701213819,1.1764705882352942,1500.0,672.0,480.0,240.0,125.0,0.0
CRACK01,裂缝分布梯度1,crack_distribution,1,U4,普通设备故障,VF,c061a043533812fc,2767.0,2767.0,0.0,0.0,False,3,0,0.0,0.0,0.7460317460317459,1.0,1500.0,672.0,480.0,240.0,125.0,0.0
CRACK01,裂缝分布梯度1,crack_distribution,1,U5,精密设备故障,VF,c061a043533812fc,2767.0,2767.0,0.0,0.0,False,2,0,0.0,0.0,0.7282539682539683,1.0,1500.0,672.0,480.0,240.0,125.0,0.0
CRACK01,裂缝分布梯度1,crack_distribution,1,U6,隐藏裂缝,VF,c061a043533812fc,2681.5961648167763,2767.0,-85.40383518322369,0.030865137399068918,False,0,1,0.10193907796205526,0.10193907796205526,0.9498943639023583,1.0226531284360123,1426.5961648167763,672.0,480.0,240.0,125.0,12.0
CRACK01,裂缝分布梯度1,crack_distribution,1,U7,复合扰动,VF,c061a043533812fc,2681.5961648167763,2767.0,-85.40383518322369,0.030865137399068918,False,3,2,0.6019390779620553,0.5,0.8121647150680603,1.1111111111111112,1426.5961648167763,672.0,480.0,240.0,125.0,12.0
CRACK01,裂缝分布梯度1,crack_distribution,1,U0,基准情景,VDF,256fbfbf21b6cfc0,2702.0,2702.0,0.0,0.0,True,0,0,0.0,0.0,0.906031746031746,1.0,1500.0,672.0,480.0,300.0,250.0,0.0
CRACK01,裂缝分布梯度1,crack_distribution,1,U1,普通设备降速,VDF,256fbfbf21b6cfc0,2702.0,2702.0,0.0,0.0,False,0,2,0.7478991596638656,0.5420168067226889,0.9992530345471522,1.1204481792717087,1500.0,672.0,480.0,300.0,250.0,0.0
CRACK01,裂缝分布梯度1,crack_distribution,1,U2,精密设备降速,VDF,256fbfbf21b6cfc0,2702.0,2702.0,0.0,0.0,False,0,2,1.625,1.125,1.0004761904761905,1.25,1500.0,672.0,480.0,300.0,250.0,0.0
CRACK01,裂缝分布梯度1,crack_distribution,1,U3,全设备降速,VDF,256fbfbf21b6cfc0,2702.0,2702.0,0.0,0.0,False,0,4,1.7478991596638656,0.7941176470588234,1.065919701213819,1.1764705882352942,1500.0,672.0,480.0,300.0,250.0,0.0
CRACK01,裂缝分布梯度1,crack_distribution,1,U4,普通设备故障,VDF,256fbfbf21b6cfc0,2702.0,2702.0,0.0,0.0,False,3,0,0.0,0.0,0.7460317460317459,1.0,1500.0,672.0,480.0,300.0,250.0,0.0
CRACK01,裂缝分布梯度1,crack_distribution,1,U5,精密设备故障,VDF,256fbfbf21b6cfc0,2702.0,2702.0,0.0,0.0,False,2,0,0.0,0.0,0.7282539682539683,1.0,1500.0,672.0,480.0,300.0,250.0,0.0
CRACK01,裂缝分布梯度1,crack_distribution,1,U6,隐藏裂缝,VDF,256fbfbf21b6cfc0,2616.5961648167763,2702.0,-85.40383518322369,0.03160763700341365,False,0,3,0.8703154488829439,0.5533933864335969,0.9764584643947973,1.1229763080963548,1426.5961648167763,672.0,480.0,300.0,250.0,12.0
CRACK01,裂缝分布梯度1,crack_distribution,1,U7,复合扰动,VDF,256fbfbf21b6cfc0,2616.5961648167763,2702.0,-85.40383518322369,0.03160763700341365,False,3,3,1.9583520368600347,1.1148815404817736,0.8648156460826681,1.2477514534403942,1426.5961648167763,672.0,480.0,300.0,250.0,12.0
CRACK01,裂缝分布梯度1,crack_distribution,1,U0,基准情景,MG,d4521239dbbe17a9,2827.0,2827.0,0.0,0.0,True,0,0,0.0,0.0,0.906031746031746,1.0,1500.0,672.0,480.0,300.0,125.0,0.0
CRACK01,裂缝分布梯度1,crack_distribution,1,U1,普通设备降速,MG,d4521239dbbe17a9,2827.0,2827.0,0.0,0.0,False,0,2,0.7478991596638656,0.5420168067226889,0.9992530345471522,1.1204481792717087,1500.0,672.0,480.0,300.0,125.0,0.0
CRACK01,裂缝分布梯度1,crack_distribution,1,U2,精密设备降速,MG,d4521239dbbe17a9,2827.0,2827.0,0.0,0.0,False,0,2,1.625,1.125,1.0004761904761905,1.25,1500.0,672.0,480.0,300.0,125.0,0.0
CRACK01,裂缝分布梯度1,crack_distribution,1,U3,全设备降速,MG,d4521239dbbe17a9,2827.0,2827.0,0.0,0.0,False,0,4,1.7478991596638656,0.7941176470588234,1.065919701213819,1.1764705882352942,1500.0,672.0,480.0,300.0,125.0,0.0
CRACK01,裂缝分布梯度1,crack_distribution,1,U4,普通设备故障,MG,d4521239dbbe17a9,2827.0,2827.0,0.0,0.0,False,3,0,0.0,0.0,0.7460317460317459,1.0,1500.0,672.0,480.0,300.0,125.0,0.0
CRACK01,裂缝分布梯度1,crack_distribution,1,U5,精密设备故障,MG,d4521239dbbe17a9,2827.0,2827.0,0.0,0.0,False,2,0,0.0,0.0,0.7282539682539683,1.0,1500.0,672.0,480.0,300.0,125.0,0.0
CRACK01,裂缝分布梯度1,crack_distribution,1,U6,隐藏裂缝,MG,d4521239dbbe17a9,2741.5961648167763,2827.0,-85.40383518322369,0.030210058430570813,False,0,1,0.07798615708910184,0.07798615708910184,0.9386978162771544,1.0173302571309115,1426.5961648167763,672.0,480.0,300.0,125.0,12.0
CRACK01,裂缝分布梯度1,crack_distribution,1,U7,复合扰动,MG,d4521239dbbe17a9,2741.5961648167763,2827.0,-85.40383518322369,0.030210058430570813,False,3,2,0.5779861570891018,0.5,0.8009969156237131,1.1111111111111112,1426.5961648167763,672.0,480.0,300.0,125.0,12.0
CRACK01,裂缝分布梯度1,crack_distribution,1,U0,基准情景,MG-LS,d4521239dbbe17a9,2827.0,2827.0,0.0,0.0,True,0,0,0.0,0.0,0.906031746031746,1.0,1500.0,672.0,480.0,300.0,125.0,0.0
CRACK01,裂缝分布梯度1,crack_distribution,1,U1,普通设备降速,MG-LS,d4521239dbbe17a9,2827.0,2827.0,0.0,0.0,False,0,2,0.7478991596638656,0.5420168067226889,0.9992530345471522,1.1204481792717087,1500.0,672.0,480.0,300.0,125.0,0.0
CRACK01,裂缝分布梯度1,crack_distribution,1,U2,精密设备降速,MG-LS,d4521239dbbe17a9,2827.0,2827.0,0.0,0.0,False,0,2,1.625,1.125,1.0004761904761905,1.25,1500.0,672.0,480.0,300.0,125.0,0.0
CRACK01,裂缝分布梯度1,crack_distribution,1,U3,全设备降速,MG-LS,d4521239dbbe17a9,2827.0,2827.0,0.0,0.0,False,0,4,1.7478991596638656,0.7941176470588234,1.065919701213819,1.1764705882352942,1500.0,672.0,480.0,300.0,125.0,0.0
CRACK01,裂缝分布梯度1,crack_distribution,1,U4,普通设备故障,MG-LS,d4521239dbbe17a9,2827.0,2827.0,0.0,0.0,False,3,0,0.0,0.0,0.7460317460317459,1.0,1500.0,672.0,480.0,300.0,125.0,0.0
CRACK01,裂缝分布梯度1,crack_distribution,1,U5,精密设备故障,MG-LS,d4521239dbbe17a9,2827.0,2827.0,0.0,0.0,False,2,0,0.0,0.0,0.7282539682539683,1.0,1500.0,672.0,480.0,300.0,125.0,0.0
CRACK01,裂缝分布梯度1,crack_distribution,1,U6,隐藏裂缝,MG-LS,d4521239dbbe17a9,2741.5961648167763,2827.0,-85.40383518322369,0.030210058430570813,False,0,1,0.07798615708910184,0.07798615708910184,0.9386978162771544,1.0173302571309115,1426.5961648167763,672.0,480.0,300.0,125.0,12.0
CRACK01,裂缝分布梯度1,crack_distribution,1,U7,复合扰动,MG-LS,d4521239dbbe17a9,2741.5961648167763,2827.0,-85.40383518322369,0.030210058430570813,False,3,2,0.5779861570891018,0.5,0.8009969156237131,1.1111111111111112,1426.5961648167763,672.0,480.0,300.0,125.0,12.0
CRACK02,裂缝分布梯度2,crack_distribution,2,U0,基准情景,VF,8c1337335ce380b2,2751.328750610017,2751.328750610017,0.0,0.0,True,0,0,0.0,0.0,0.906031746031746,1.0,1444.3287506100169,672.0,480.0,300.0,125.0,20.0
CRACK02,裂缝分布梯度2,crack_distribution,2,U1,普通设备降速,VF,8c1337335ce380b2,2751.328750610017,2751.328750610017,0.0,0.0,False,0,2,0.7478991596638656,0.5420168067226889,0.9992530345471522,1.1204481792717087,1444.3287506100169,672.0,480.0,300.0,125.0,20.0
CRACK02,裂缝分布梯度2,crack_distribution,2,U2,精密设备降速,VF,8c1337335ce380b2,2751.328750610017,2751.328750610017,0.0,0.0,False,0,2,1.625,1.125,1.0004761904761905,1.25,1444.3287506100169,672.0,480.0,300.0,125.0,20.0
CRACK02,裂缝分布梯度2,crack_distribution,2,U3,全设备降速,VF,8c1337335ce380b2,2751.328750610017,2751.328750610017,0.0,0.0,False,0,4,1.7478991596638656,0.7941176470588234,1.065919701213819,1.1764705882352942,1444.3287506100169,672.0,480.0,300.0,125.0,20.0
CRACK02,裂缝分布梯度2,crack_distribution,2,U4,普通设备故障,VF,8c1337335ce380b2,2751.328750610017,2751.328750610017,0.0,0.0,False,3,0,0.0,0.0,0.7460317460317459,1.0,1444.3287506100169,672.0,480.0,300.0,125.0,20.0
CRACK02,裂缝分布梯度2,crack_distribution,2,U5,精密设备故障,VF,8c1337335ce380b2,2751.328750610017,2751.328750610017,0.0,0.0,False,2,0,0.0,0.0,0.7282539682539683,1.0,1444.3287506100169,672.0,480.0,300.0,125.0,20.0
CRACK02,裂缝分布梯度2,crack_distribution,2,U6,隐藏裂缝,VF,8c1337335ce380b2,2665.924915426793,2751.328750610017,-85.40383518322369,0.03104094164112093,True,0,0,0.0,0.0,0.9212059384697454,1.0,1370.9249154267932,672.0,480.0,300.0,125.0,32.0
CRACK02,裂缝分布梯度2,crack_distribution,2,U7,复合扰动,VF,8c1337335ce380b2,2665.924915426793,2751.328750610017,-85.40383518322369,0.03104094164112093,False,3,1,0.5,0.5,0.7981102798570483,1.1111111111111112,1370.9249154267932,672.0,480.0,300.0,125.0,32.0
CRACK02,裂缝分布梯度2,crack_distribution,2,U0,基准情景,VDF,f6d4730d59d9d829,2566.328750610017,2566.328750610017,0.0,0.0,True,0,0,0.0,0.0,0.906031746031746,1.0,1444.3287506100169,672.0,480.0,240.0,250.0,20.0
CRACK02,裂缝分布梯度2,crack_distribution,2,U1,普通设备降速,VDF,f6d4730d59d9d829,2566.328750610017,2566.328750610017,0.0,0.0,False,0,2,0.7478991596638656,0.5420168067226889,0.9992530345471522,1.1204481792717087,1444.3287506100169,672.0,480.0,240.0,250.0,20.0
CRACK02,裂缝分布梯度2,crack_distribution,2,U2,精密设备降速,VDF,f6d4730d59d9d829,2566.328750610017,2566.328750610017,0.0,0.0,False,0,2,1.625,1.125,1.0004761904761905,1.25,1444.3287506100169,672.0,480.0,240.0,250.0,20.0
CRACK02,裂缝分布梯度2,crack_distribution,2,U3,全设备降速,VDF,f6d4730d59d9d829,2566.328750610017,2566.328750610017,0.0,0.0,False,0,4,1.7478991596638656,0.7941176470588234,1.065919701213819,1.1764705882352942,1444.3287506100169,672.0,480.0,240.0,250.0,20.0
CRACK02,裂缝分布梯度2,crack_distribution,2,U4,普通设备故障,VDF,f6d4730d59d9d829,2566.328750610017,2566.328750610017,0.0,0.0,False,3,0,0.0,0.0,0.7460317460317459,1.0,1444.3287506100169,672.0,480.0,240.0,250.0,20.0
CRACK02,裂缝分布梯度2,crack_distribution,2,U5,精密设备故障,VDF,f6d4730d59d9d829,2566.328750610017,2566.328750610017,0.0,0.0,False,2,0,0.0,0.0,0.7282539682539683,1.0,1444.3287506100169,672.0,480.0,240.0,250.0,20.0
CRACK02,裂缝分布梯度2,crack_distribution,2,U6,隐藏裂缝,VDF,f6d4730d59d9d829,2480.924915426793,2566.328750610017,-85.40383518322369,0.033278602814593876,True,0,0,0.0,0.0,0.9212059384697454,1.0,1370.9249154267932,672.0,480.0,240.0,250.0,32.0
CRACK02,裂缝分布梯度2,crack_distribution,2,U7,复合扰动,VDF,f6d4730d59d9d829,2480.924915426793,2566.328750610017,-85.40383518322369,0.033278602814593876,False,3,1,0.5,0.5,0.7981102798570483,1.1111111111111112,1370.9249154267932,672.0,480.0,240.0,250.0,32.0
CRACK02,裂缝分布梯度2,crack_distribution,2,U0,基准情景,MG,a1b0bca3c1991d26,2751.328750610017,2751.328750610017,0.0,0.0,True,0,0,0.0,0.0,0.906031746031746,1.0,1444.3287506100169,672.0,480.0,300.0,125.0,20.0
CRACK02,裂缝分布梯度2,crack_distribution,2,U1,普通设备降速,MG,a1b0bca3c1991d26,2751.328750610017,2751.328750610017,0.0,0.0,False,0,2,0.7478991596638656,0.5420168067226889,0.9992530345471522,1.1204481792717087,1444.3287506100169,672.0,480.0,300.0,125.0,20.0
CRACK02,裂缝分布梯度2,crack_distribution,2,U2,精密设备降速,MG,a1b0bca3c1991d26,2751.328750610017,2751.328750610017,0.0,0.0,False,0,2,1.625,1.125,1.0004761904761905,1.25,1444.3287506100169,672.0,480.0,300.0,125.0,20.0
CRACK02,裂缝分布梯度2,crack_distribution,2,U3,全设备降速,MG,a1b0bca3c1991d26,2751.328750610017,2751.328750610017,0.0,0.0,False,0,4,1.7478991596638656,0.7941176470588234,1.065919701213819,1.1764705882352942,1444.3287506100169,672.0,480.0,300.0,125.0,20.0
CRACK02,裂缝分布梯度2,crack_distribution,2,U4,普通设备故障,MG,a1b0bca3c1991d26,2751.328750610017,2751.328750610017,0.0,0.0,False,3,0,0.0,0.0,0.7460317460317459,1.0,1444.3287506100169,672.0,480.0,300.0,125.0,20.0
CRACK02,裂缝分布梯度2,crack_distribution,2,U5,精密设备故障,MG,a1b0bca3c1991d26,2751.328750610017,2751.328750610017,0.0,0.0,False,2,0,0.0,0.0,0.7282539682539683,1.0,1444.3287506100169,672.0,480.0,300.0,125.0,20.0
CRACK02,裂缝分布梯度2,crack_distribution,2,U6,隐藏裂缝,MG,a1b0bca3c1991d26,2665.924915426793,2751.328750610017,-85.40383518322369,0.03104094164112093,True,0,0,0.0,0.0,0.916134971215073,1.0,1370.9249154267932,672.0,480.0,300.0,125.0,32.0
CRACK02,裂缝分布梯度2,crack_distribution,2,U7,复合扰动,MG,a1b0bca3c1991d26,2665.924915426793,2751.328750610017,-85.40383518322369,0.03104094164112093,False,3,1,0.5,0.5,0.7981102798570483,1.1111111111111112,1370.9249154267932,672.0,480.0,300.0,125.0,32.0
CRACK02,裂缝分布梯度2,crack_distribution,2,U0,基准情景,MG-LS,a1b0bca3c1991d26,2751.328750610017,2751.328750610017,0.0,0.0,True,0,0,0.0,0.0,0.906031746031746,1.0,1444.3287506100169,672.0,480.0,300.0,125.0,20.0
CRACK02,裂缝分布梯度2,crack_distribution,2,U1,普通设备降速,MG-LS,a1b0bca3c1991d26,2751.328750610017,2751.328750610017,0.0,0.0,False,0,2,0.7478991596638656,0.5420168067226889,0.9992530345471522,1.1204481792717087,1444.3287506100169,672.0,480.0,300.0,125.0,20.0
CRACK02,裂缝分布梯度2,crack_distribution,2,U2,精密设备降速,MG-LS,a1b0bca3c1991d26,2751.328750610017,2751.328750610017,0.0,0.0,False,0,2,1.625,1.125,1.0004761904761905,1.25,1444.3287506100169,672.0,480.0,300.0,125.0,20.0
CRACK02,裂缝分布梯度2,crack_distribution,2,U3,全设备降速,MG-LS,a1b0bca3c1991d26,2751.328750610017,2751.328750610017,0.0,0.0,False,0,4,1.7478991596638656,0.7941176470588234,1.065919701213819,1.1764705882352942,1444.3287506100169,672.0,480.0,300.0,125.0,20.0
CRACK02,裂缝分布梯度2,crack_distribution,2,U4,普通设备故障,MG-LS,a1b0bca3c1991d26,2751.328750610017,2751.328750610017,0.0,0.0,False,3,0,0.0,0.0,0.7460317460317459,1.0,1444.3287506100169,672.0,480.0,300.0,125.0,20.0
CRACK02,裂缝分布梯度2,crack_distribution,2,U5,精密设备故障,MG-LS,a1b0bca3c1991d26,2751.328750610017,2751.328750610017,0.0,0.0,False,2,0,0.0,0.0,0.7282539682539683,1.0,1444.3287506100169,672.0,480.0,300.0,125.0,20.0
CRACK02,裂缝分布梯度2,crack_distribution,2,U6,隐藏裂缝,MG-LS,a1b0bca3c1991d26,2665.924915426793,2751.328750610017,-85.40383518322369,0.03104094164112093,True,0,0,0.0,0.0,0.916134971215073,1.0,1370.9249154267932,672.0,480.0,300.0,125.0,32.0
CRACK02,裂缝分布梯度2,crack_distribution,2,U7,复合扰动,MG-LS,a1b0bca3c1991d26,2665.924915426793,2751.328750610017,-85.40383518322369,0.03104094164112093,False,3,1,0.5,0.5,0.7981102798570483,1.1111111111111112,1370.9249154267932,672.0,480.0,300.0,125.0,32.0
CRACK03,裂缝分布梯度3,crack_distribution,3,U0,基准情景,VF,792681bc8c2f226a,2311.6848736101842,2311.6848736101842,0.0,0.0,True,0,0,0.0,0.0,0.906031746031746,1.0,1346.6848736101842,672.0,480.0,120.0,275.0,32.0
CRACK03,裂缝分布梯度3,crack_distribution,3,U1,普通设备降速,VF,792681bc8c2f226a,2311.6848736101842,2311.6848736101842,0.0,0.0,False,0,2,0.7478991596638656,0.5420168067226889,0.9992530345471522,1.1204481792717087,1346.6848736101842,672.0,480.0,120.0,275.0,32.0
CRACK03,裂缝分布梯度3,crack_distribution,3,U2,精密设备降速,VF,792681bc8c2f226a,2311.6848736101842,2311.6848736101842,0.0,0.0,False,0,2,1.625,1.125,1.0004761904761905,1.25,1346.6848736101842,672.0,480.0,120.0,275.0,32.0
CRACK03,裂缝分布梯度3,crack_distribution,3,U3,全设备降速,VF,792681bc8c2f226a,2311.6848736101842,2311.6848736101842,0.0,0.0,False,0,4,1.7478991596638656,0.7941176470588234,1.065919701213819,1.1764705882352942,1346.6848736101842,672.0,480.0,120.0,275.0,32.0
CRACK03,裂缝分布梯度3,crack_distribution,3,U4,普通设备故障,VF,792681bc8c2f226a,2311.6848736101842,2311.6848736101842,0.0,0.0,False,3,0,0.0,0.0,0.7460317460317459,1.0,1346.6848736101842,672.0,480.0,120.0,275.0,32.0
CRACK03,裂缝分布梯度3,crack_distribution,3,U5,精密设备故障,VF,792681bc8c2f226a,2311.6848736101842,2311.6848736101842,0.0,0.0,False,2,0,0.0,0.0,0.7282539682539683,1.0,1346.6848736101842,672.0,480.0,120.0,275.0,32.0
CRACK03,裂缝分布梯度3,crack_distribution,3,U6,隐藏裂缝,VF,792681bc8c2f226a,2226.2810384269605,2311.6848736101842,-85.40383518322369,0.03694441061503662,False,0,1,0.18196769987457184,0.18196769987457184,0.9399635410493501,1.0404372666387938,1273.2810384269605,672.0,480.0,120.0,275.0,44.0
CRACK03,裂缝分布梯度3,crack_distribution,3,U7,复合扰动,VF,792681bc8c2f226a,2226.2810384269605,2311.6848736101842,-85.40383518322369,0.03694441061503662,False,3,2,1.2021863331939677,0.7021863331939677,0.825306591419101,1.1560414073764373,1273.2810384269605,672.0,480.0,120.0,275.0,44.0
CRACK03,裂缝分布梯度3,crack_distribution,3,U0,基准情景,VDF,5caa894afcb76c4c,2616.6848736101842,2616.6848736101842,0.0,0.0,True,0,0,0.0,0.0,0.906031746031746,1.0,1346.6848736101842,672.0,480.0,300.0,150.0,32.0
CRACK03,裂缝分布梯度3,crack_distribution,3,U1,普通设备降速,VDF,5caa894afcb76c4c,2616.6848736101842,2616.6848736101842,0.0,0.0,False,0,2,0.7478991596638656,0.5420168067226889,0.9992530345471522,1.1204481792717087,1346.6848736101842,672.0,480.0,300.0,150.0,32.0
CRACK03,裂缝分布梯度3,crack_distribution,3,U2,精密设备降速,VDF,5caa894afcb76c4c,2616.6848736101842,2616.6848736101842,0.0,0.0,False,0,2,1.625,1.125,1.0004761904761905,1.25,1346.6848736101842,672.0,480.0,300.0,150.0,32.0
CRACK03,裂缝分布梯度3,crack_distribution,3,U3,全设备降速,VDF,5caa894afcb76c4c,2616.6848736101842,2616.6848736101842,0.0,0.0,False,0,4,1.7478991596638656,0.7941176470588234,1.065919701213819,1.1764705882352942,1346.6848736101842,672.0,480.0,300.0,150.0,32.0
CRACK03,裂缝分布梯度3,crack_distribution,3,U4,普通设备故障,VDF,5caa894afcb76c4c,2616.6848736101842,2616.6848736101842,0.0,0.0,False,3,0,0.0,0.0,0.7460317460317459,1.0,1346.6848736101842,672.0,480.0,300.0,150.0,32.0
CRACK03,裂缝分布梯度3,crack_distribution,3,U5,精密设备故障,VDF,5caa894afcb76c4c,2616.6848736101842,2616.6848736101842,0.0,0.0,False,2,0,0.0,0.0,0.7282539682539683,1.0,1346.6848736101842,672.0,480.0,300.0,150.0,32.0
CRACK03,裂缝分布梯度3,crack_distribution,3,U6,隐藏裂缝,VDF,5caa894afcb76c4c,2531.2810384269605,2616.6848736101842,-85.40383518322369,0.03263818125160552,False,0,1,0.1426209540376595,0.1426209540376595,0.9224736802834134,1.0316935453417022,1273.2810384269605,672.0,480.0,300.0,150.0,44.0
CRACK03,裂缝分布梯度3,crack_distribution,3,U7,复合扰动,VDF,5caa894afcb76c4c,2531.2810384269605,2616.6848736101842,-85.40383518322369,0.03263818125160552,False,3,1,0.6584677267085102,0.6584677267085102,0.8051532899329821,1.14632616149078,1273.2810384269605,672.0,480.0,300.0,150.0,44.0
CRACK03,裂缝分布梯度3,crack_distribution,3,U0,基准情景,MG,d362686e60a64edb,2581.6848736101842,2581.6848736101842,0.0,0.0,True,0,0,0.0,0.0,0.906031746031746,1.0,1346.6848736101842,672.0,480.0,240.0,125.0,32.0
CRACK03,裂缝分布梯度3,crack_distribution,3,U1,普通设备降速,MG,d362686e60a64edb,2581.6848736101842,2581.6848736101842,0.0,0.0,False,0,2,0.7478991596638656,0.5420168067226889,0.9992530345471522,1.1204481792717087,1346.6848736101842,672.0,480.0,240.0,125.0,32.0
CRACK03,裂缝分布梯度3,crack_distribution,3,U2,精密设备降速,MG,d362686e60a64edb,2581.6848736101842,2581.6848736101842,0.0,0.0,False,0,2,1.625,1.125,1.0004761904761905,1.25,1346.6848736101842,672.0,480.0,240.0,125.0,32.0
CRACK03,裂缝分布梯度3,crack_distribution,3,U3,全设备降速,MG,d362686e60a64edb,2581.6848736101842,2581.6848736101842,0.0,0.0,False,0,4,1.7478991596638656,0.7941176470588234,1.065919701213819,1.1764705882352942,1346.6848736101842,672.0,480.0,240.0,125.0,32.0
CRACK03,裂缝分布梯度3,crack_distribution,3,U4,普通设备故障,MG,d362686e60a64edb,2581.6848736101842,2581.6848736101842,0.0,0.0,False,3,0,0.0,0.0,0.7460317460317459,1.0,1346.6848736101842,672.0,480.0,240.0,125.0,32.0
CRACK03,裂缝分布梯度3,crack_distribution,3,U5,精密设备故障,MG,d362686e60a64edb,2581.6848736101842,2581.6848736101842,0.0,0.0,False,2,0,0.0,0.0,0.7282539682539683,1.0,1346.6848736101842,672.0,480.0,240.0,125.0,32.0
CRACK03,裂缝分布梯度3,crack_distribution,3,U6,隐藏裂缝,MG,d362686e60a64edb,2496.2810384269605,2581.6848736101842,-85.40383518322369,0.03308065831589911,True,0,0,0.0,0.0,0.9212059384697454,1.0,1273.2810384269605,672.0,480.0,240.0,125.0,44.0
CRACK03,裂缝分布梯度3,crack_distribution,3,U7,复合扰动,MG,d362686e60a64edb,2496.2810384269605,2581.6848736101842,-85.40383518322369,0.03308065831589911,False,3,1,0.5,0.5,0.7981102798570483,1.1111111111111112,1273.2810384269605,672.0,480.0,240.0,125.0,44.0
CRACK03,裂缝分布梯度3,crack_distribution,3,U0,基准情景,MG-LS,d362686e60a64edb,2581.6848736101842,2581.6848736101842,0.0,0.0,True,0,0,0.0,0.0,0.906031746031746,1.0,1346.6848736101842,672.0,480.0,240.0,125.0,32.0
CRACK03,裂缝分布梯度3,crack_distribution,3,U1,普通设备降速,MG-LS,d362686e60a64edb,2581.6848736101842,2581.6848736101842,0.0,0.0,False,0,2,0.7478991596638656,0.5420168067226889,0.9992530345471522,1.1204481792717087,1346.6848736101842,672.0,480.0,240.0,125.0,32.0
CRACK03,裂缝分布梯度3,crack_distribution,3,U2,精密设备降速,MG-LS,d362686e60a64edb,2581.6848736101842,2581.6848736101842,0.0,0.0,False,0,2,1.625,1.125,1.0004761904761905,1.25,1346.6848736101842,672.0,480.0,240.0,125.0,32.0
CRACK03,裂缝分布梯度3,crack_distribution,3,U3,全设备降速,MG-LS,d362686e60a64edb,2581.6848736101842,2581.6848736101842,0.0,0.0,False,0,4,1.7478991596638656,0.7941176470588234,1.065919701213819,1.1764705882352942,1346.6848736101842,672.0,480.0,240.0,125.0,32.0
CRACK03,裂缝分布梯度3,crack_distribution,3,U4,普通设备故障,MG-LS,d362686e60a64edb,2581.6848736101842,2581.6848736101842,0.0,0.0,False,3,0,0.0,0.0,0.7460317460317459,1.0,1346.6848736101842,672.0,480.0,240.0,125.0,32.0
CRACK03,裂缝分布梯度3,crack_distribution,3,U5,精密设备故障,MG-LS,d362686e60a64edb,2581.6848736101842,2581.6848736101842,0.0,0.0,False,2,0,0.0,0.0,0.7282539682539683,1.0,1346.6848736101842,672.0,480.0,240.0,125.0,32.0
CRACK03,裂缝分布梯度3,crack_distribution,3,U6,隐藏裂缝,MG-LS,d362686e60a64edb,2496.2810384269605,2581.6848736101842,-85.40383518322369,0.03308065831589911,True,0,0,0.0,0.0,0.9212059384697454,1.0,1273.2810384269605,672.0,480.0,240.0,125.0,44.0
CRACK03,裂缝分布梯度3,crack_distribution,3,U7,复合扰动,MG-LS,d362686e60a64edb,2496.2810384269605,2581.6848736101842,-85.40383518322369,0.03308065831589911,False,3,1,0.5,0.5,0.7981102798570483,1.1111111111111112,1273.2810384269605,672.0,480.0,240.0,125.0,44.0
CRACK04,裂缝分布梯度4,crack_distribution,4,U0,基准情景,VF,e8679cfcff0cefe4,2190.7019792545525,2190.7019792545525,0.0,0.0,True,0,0,0.0,0.0,0.9095175919125087,1.0,1249.7019792545525,672.0,480.0,120.0,275.0,56.0
CRACK04,裂缝分布梯度4,crack_distribution,4,U1,普通设备降速,VF,e8679cfcff0cefe4,2190.7019792545525,2190.7019792545525,0.0,0.0,False,0,2,0.7478991596638656,0.5420168067226889,1.0033540297009906,1.1204481792717087,1249.7019792545525,672.0,480.0,120.0,275.0,56.0
CRACK04,裂缝分布梯度4,crack_distribution,4,U2,精密设备降速,VF,e8679cfcff0cefe4,2190.7019792545525,2190.7019792545525,0.0,0.0,False,0,2,1.625,1.125,1.0039620363569532,1.25,1249.7019792545525,672.0,480.0,120.0,275.0,56.0
CRACK04,裂缝分布梯度4,crack_distribution,4,U3,全设备降速,VF,e8679cfcff0cefe4,2190.7019792545525,2190.7019792545525,0.0,0.0,False,0,4,1.7478991596638656,0.7941176470588234,1.0700206963676575,1.1764705882352942,1249.7019792545525,672.0,480.0,120.0,275.0,56.0
CRACK04,裂缝分布梯度4,crack_distribution,4,U4,普通设备故障,VF,e8679cfcff0cefe4,2190.7019792545525,2190.7019792545525,0.0,0.0,False,3,0,0.0,0.0,0.7460317460317459,1.0,1249.7019792545525,672.0,480.0,120.0,275.0,56.0
CRACK04,裂缝分布梯度4,crack_distribution,4,U5,精密设备故障,VF,e8679cfcff0cefe4,2190.7019792545525,2190.7019792545525,0.0,0.0,False,2,0,0.0,0.0,0.731739814134731,1.0,1249.7019792545525,672.0,480.0,120.0,275.0,56.0
CRACK04,裂缝分布梯度4,crack_distribution,4,U6,隐藏裂缝,VF,e8679cfcff0cefe4,2114.297180666413,2190.7019792545525,-76.40479858813933,0.034876856510687136,False,0,1,0.18196769987457184,0.18196769987457184,0.9426444714928632,1.0404372666387938,1185.2971806664132,672.0,480.0,120.0,275.0,68.0
CRACK04,裂缝分布梯度4,crack_distribution,4,U7,复合扰动,VF,e8679cfcff0cefe4,2114.297180666413,2190.7019792545525,-76.40479858813933,0.034876856510687136,False,3,2,1.2021863331939677,0.7021863331939677,0.8245016759818515,1.1560414073764373,1185.2971806664132,672.0,480.0,120.0,275.0,68.0
CRACK04,裂缝分布梯度4,crack_distribution,4,U0,基准情景,VDF,bd491c3df50e4954,2130.7019792545525,2130.7019792545525,0.0,0.0,True,0,0,0.0,0.0,0.9118414891663505,1.0,1249.7019792545525,672.0,480.0,60.0,275.0,56.0
CRACK04,裂缝分布梯度4,crack_distribution,4,U1,普通设备降速,VDF,bd491c3df50e4954,2130.7019792545525,2130.7019792545525,0.0,0.0,False,0,2,0.7478991596638656,0.5420168067226889,1.005062777681757,1.1204481792717087,1249.7019792545525,672.0,480.0,60.0,275.0,56.0
CRACK04,裂缝分布梯度4,crack_distribution,4,U2,精密设备降速,VDF,bd491c3df50e4954,2130.7019792545525,2130.7019792545525,0.0,0.0,False,0,2,1.7883990256607536,1.125,1.0077383693944462,1.25,1249.7019792545525,672.0,480.0,60.0,275.0,56.0
CRACK04,裂缝分布梯度4,crack_distribution,4,U3,全设备降速,VDF,bd491c3df50e4954,2130.7019792545525,2130.7019792545525,0.0,0.0,False,0,4,1.9016864779328095,0.7941176470588234,1.0727546931368832,1.1764705882352942,1249.7019792545525,672.0,480.0,60.0,275.0,56.0
CRACK04,裂缝分布梯度4,crack_distribution,4,U4,普通设备故障,VDF,bd491c3df50e4954,2130.7019792545525,2130.7019792545525,0.0,0.0,False,3,0,0.0,0.0,0.7518414891663505,1.0,1249.7019792545525,672.0,480.0,60.0,275.0,56.0
CRACK04,裂缝分布梯度4,crack_distribution,4,U5,精密设备故障,VDF,bd491c3df50e4954,2130.7019792545525,2130.7019792545525,0.0,0.0,False,2,0,0.0,0.0,0.7282539682539683,1.0,1249.7019792545525,672.0,480.0,60.0,275.0,56.0
CRACK04,裂缝分布梯度4,crack_distribution,4,U6,隐藏裂缝,VDF,bd491c3df50e4954,2054.297180666413,2130.7019792545525,-76.40479858813933,0.03585897949692163,True,0,0,0.0,0.0,0.9255668338173006,1.0,1185.2971806664132,672.0,480.0,60.0,275.0,68.0
CRACK04,裂缝分布梯度4,crack_distribution,4,U7,复合扰动,VDF,bd491c3df50e4954,2054.297180666413,2130.7019792545525,-76.40479858813933,0.03585897949692163,False,3,2,0.5896880228095585,0.5,0.808187669474232,1.1111111111111112,1185.2971806664132,672.0,480.0,60.0,275.0,68.0
CRACK04,裂缝分布梯度4,crack_distribution,4,U0,基准情景,MG,1399276d50211947,2350.7019792545525,2350.7019792545525,0.0,0.0,True,0,0,0.0,0.0,0.9152476973776394,1.0,1249.7019792545525,672.0,480.0,180.0,175.0,56.0
CRACK04,裂缝分布梯度4,crack_distribution,4,U1,普通设备降速,MG,1399276d50211947,2350.7019792545525,2350.7019792545525,0.0,0.0,False,0,2,0.7478991596638656,0.5420168067226889,1.0084689858930458,1.1204481792717087,1249.7019792545525,672.0,480.0,180.0,175.0,56.0
CRACK04,裂缝分布梯度4,crack_distribution,4,U2,精密设备降速,MG,1399276d50211947,2350.7019792545525,2350.7019792545525,0.0,0.0,False,0,2,1.8841986316032546,1.125,1.0119961296585573,1.25,1249.7019792545525,672.0,480.0,180.0,175.0,56.0
CRACK04,裂缝分布梯度4,crack_distribution,4,U3,全设备降速,MG,1399276d50211947,2350.7019792545525,2350.7019792545525,0.0,0.0,False,0,4,1.9918508129375176,0.7941176470588234,1.0767619969148703,1.1764705882352942,1249.7019792545525,672.0,480.0,180.0,175.0,56.0
CRACK04,裂缝分布梯度4,crack_distribution,4,U4,普通设备故障,MG,1399276d50211947,2350.7019792545525,2350.7019792545525,0.0,0.0,False,3,0,0.0,0.0,0.7552476973776395,1.0,1249.7019792545525,672.0,480.0,180.0,175.0,56.0
CRACK04,裂缝分布梯度4,crack_distribution,4,U5,精密设备故障,MG,1399276d50211947,2350.7019792545525,2350.7019792545525,0.0,0.0,False,2,0,0.0,0.0,0.7282539682539683,1.0,1249.7019792545525,672.0,480.0,180.0,175.0,56.0
CRACK04,裂缝分布梯度4,crack_distribution,4,U6,隐藏裂缝,MG,1399276d50211947,2274.297180666413,2350.7019792545525,-76.40479858813933,0.03250297113901635,True,0,0,0.0,0.0,0.9289730420285895,1.0,1185.2971806664132,672.0,480.0,180.0,175.0,68.0
CRACK04,裂缝分布梯度4,crack_distribution,4,U7,复合扰动,MG,1399276d50211947,2274.297180666413,2350.7019792545525,-76.40479858813933,0.03250297113901635,False,3,2,0.674843228091782,0.5,0.8119723452645531,1.1111111111111112,1185.2971806664132,672.0,480.0,180.0,175.0,68.0
CRACK04,裂缝分布梯度4,crack_distribution,4,U0,基准情景,MG-LS,1399276d50211947,2350.7019792545525,2350.7019792545525,0.0,0.0,True,0,0,0.0,0.0,0.9152476973776394,1.0,1249.7019792545525,672.0,480.0,180.0,175.0,56.0
CRACK04,裂缝分布梯度4,crack_distribution,4,U1,普通设备降速,MG-LS,1399276d50211947,2350.7019792545525,2350.7019792545525,0.0,0.0,False,0,2,0.7478991596638656,0.5420168067226889,1.0084689858930458,1.1204481792717087,1249.7019792545525,672.0,480.0,180.0,175.0,56.0
CRACK04,裂缝分布梯度4,crack_distribution,4,U2,精密设备降速,MG-LS,1399276d50211947,2350.7019792545525,2350.7019792545525,0.0,0.0,False,0,2,1.8841986316032546,1.125,1.0119961296585573,1.25,1249.7019792545525,672.0,480.0,180.0,175.0,56.0
CRACK04,裂缝分布梯度4,crack_distribution,4,U3,全设备降速,MG-LS,1399276d50211947,2350.7019792545525,2350.7019792545525,0.0,0.0,False,0,4,1.9918508129375176,0.7941176470588234,1.0767619969148703,1.1764705882352942,1249.7019792545525,672.0,480.0,180.0,175.0,56.0
CRACK04,裂缝分布梯度4,crack_distribution,4,U4,普通设备故障,MG-LS,1399276d50211947,2350.7019792545525,2350.7019792545525,0.0,0.0,False,3,0,0.0,0.0,0.7552476973776395,1.0,1249.7019792545525,672.0,480.0,180.0,175.0,56.0
CRACK04,裂缝分布梯度4,crack_distribution,4,U5,精密设备故障,MG-LS,1399276d50211947,2350.7019792545525,2350.7019792545525,0.0,0.0,False,2,0,0.0,0.0,0.7282539682539683,1.0,1249.7019792545525,672.0,480.0,180.0,175.0,56.0
CRACK04,裂缝分布梯度4,crack_distribution,4,U6,隐藏裂缝,MG-LS,1399276d50211947,2274.297180666413,2350.7019792545525,-76.40479858813933,0.03250297113901635,True,0,0,0.0,0.0,0.9289730420285895,1.0,1185.2971806664132,672.0,480.0,180.0,175.0,68.0
CRACK04,裂缝分布梯度4,crack_distribution,4,U7,复合扰动,MG-LS,1399276d50211947,2274.297180666413,2350.7019792545525,-76.40479858813933,0.03250297113901635,False,3,2,0.674843228091782,0.5,0.8119723452645531,1.1111111111111112,1185.2971806664132,672.0,480.0,180.0,175.0,68.0
CRACK05,裂缝分布梯度5,crack_distribution,5,U0,基准情景,VF,0897c030d678ca76,2085.2619442862506,2085.2619442862506,0.0,0.0,True,0,0,0.0,0.0,0.9320696323787587,1.0,1156.2619442862506,672.0,480.0,120.0,275.0,68.0
CRACK05,裂缝分布梯度5,crack_distribution,5,U1,普通设备降速,VF,0897c030d678ca76,2085.2619442862506,2085.2619442862506,0.0,0.0,False,0,3,1.1724314453200808,0.6744539052908713,1.029885842014226,1.1498786456201937,1156.2619442862506,672.0,480.0,120.0,275.0,68.0
CRACK05,裂缝分布梯度5,crack_distribution,5,U2,精密设备降速,VF,0897c030d678ca76,2085.2619442862506,2085.2619442862506,0.0,0.0,False,0,2,1.625,1.125,1.026514076823203,1.25,1156.2619442862506,672.0,480.0,120.0,275.0,68.0
CRACK05,裂缝分布梯度5,crack_distribution,5,U3,全设备降速,VF,0897c030d678ca76,2085.2619442862506,2085.2619442862506,0.0,0.0,False,0,5,2.172431445320081,0.7941176470588234,1.0965525086808925,1.1764705882352942,1156.2619442862506,672.0,480.0,120.0,275.0,68.0
CRACK05,裂缝分布梯度5,crack_distribution,5,U4,普通设备故障,VF,0897c030d678ca76,2085.2619442862506,2085.2619442862506,0.0,0.0,False,3,0,0.0,0.0,0.7510349253109885,1.0,1156.2619442862506,672.0,480.0,120.0,275.0,68.0
CRACK05,裂缝分布梯度5,crack_distribution,5,U5,精密设备故障,VF,0897c030d678ca76,2085.2619442862506,2085.2619442862506,0.0,0.0,False,2,0,0.0,0.0,0.7542918546009808,1.0,1156.2619442862506,672.0,480.0,120.0,275.0,68.0
CRACK05,裂缝分布梯度5,crack_distribution,5,U6,隐藏裂缝,VF,0897c030d678ca76,2011.416774741338,2085.2619442862506,-73.84516954491255,0.03541289848369073,False,0,2,0.1979633180462761,0.18196769987457184,0.9856776366917794,1.0404372666387938,1094.416774741338,672.0,480.0,120.0,275.0,80.0
CRACK05,裂缝分布梯度5,crack_distribution,5,U7,复合扰动,VF,0897c030d678ca76,2011.416774741338,2085.2619442862506,-73.84516954491255,0.03541289848369073,False,3,2,1.2021863331939677,0.7021863331939677,0.8303097706983434,1.1560414073764373,1094.416774741338,672.0,480.0,120.0,275.0,80.0
CRACK05,裂缝分布梯度5,crack_distribution,5,U0,基准情景,VDF,ab0d5a93fe3f58fa,1844.2619442862506,1844.2619442862506,0.0,0.0,True,0,0,0.0,0.0,0.8664469482671855,0.9892759784447231,1156.2619442862506,672.0,384.0,0.0,300.0,68.0
CRACK05,裂缝分布梯度5,crack_distribution,5,U1,普通设备降速,VDF,ab0d5a93fe3f58fa,1844.2619442862506,1844.2619442862506,0.0,0.0,False,0,2,0.7478991596638656,0.5420168067226889,0.9609043163692282,1.1204481792717087,1156.2619442862506,672.0,384.0,0.0,300.0,68.0
CRACK05,裂缝分布梯度5,crack_distribution,5,U2,精密设备降速,VDF,ab0d5a93fe3f58fa,1844.2619442862506,1844.2619442862506,0.0,0.0,False,0,1,1.0646773787515684,1.0646773787515684,0.9492440805227552,1.236594973055904,1156.2619442862506,672.0,384.0,0.0,300.0,68.0
CRACK05,裂缝分布梯度5,crack_distribution,5,U3,全设备降速,VDF,ab0d5a93fe3f58fa,1844.2619442862506,1844.2619442862506,0.0,0.0,False,0,3,1.48524257495946,0.7373434152955944,1.0193493509025715,1.16385409228791,1156.2619442862506,672.0,384.0,0.0,300.0,68.0
CRACK05,裂缝分布梯度5,crack_distribution,5,U4,普通设备故障,VDF,ab0d5a93fe3f58fa,1844.2619442862506,1844.2619442862506,0.0,0.0,False,3,0,0.0,0.0,0.6994424972762462,0.9892759784447231,1156.2619442862506,672.0,384.0,0.0,300.0,68.0
CRACK05,裂缝分布梯度5,crack_distribution,5,U5,精密设备故障,VDF,ab0d5a93fe3f58fa,1844.2619442862506,1844.2619442862506,0.0,0.0,False,2,0,0.0,0.0,0.668591752578241,0.9523809523809523,1156.2619442862506,672.0,384.0,0.0,300.0,68.0
CRACK05,裂缝分布梯度5,crack_distribution,5,U6,隐藏裂缝,VDF,ab0d5a93fe3f58fa,1770.416774741338,1844.2619442862506,-73.84516954491255,0.040040499547091955,False,0,1,0.6895997515793839,0.6895997515793839,0.914414822864213,1.1532443892398632,1094.416774741338,672.0,384.0,0.0,300.0,80.0
CRACK05,裂缝分布梯度5,crack_distribution,5,U7,复合扰动,VDF,ab0d5a93fe3f58fa,1770.416774741338,1844.2619442862506,-73.84516954491255,0.040040499547091955,False,3,1,1.2662219461993143,1.2662219461993143,0.7827818725276352,1.2813826547109588,1094.416774741338,672.0,384.0,0.0,300.0,80.0
CRACK05,裂缝分布梯度5,crack_distribution,5,U0,基准情景,MG,0eb6ddfa83b02ef4,2043.2619442862506,2043.2619442862506,0.0,0.0,True,0,0,0.0,0.0,0.7909209383005342,0.9523809523809523,1156.2619442862506,672.0,288.0,120.0,125.0,68.0
CRACK05,裂缝分布梯度5,crack_distribution,5,U1,普通设备降速,MG,0eb6ddfa83b02ef4,2043.2619442862506,2043.2619442862506,0.0,0.0,False,0,2,0.7478991596638656,0.5420168067226889,0.8843534204440292,1.1204481792717087,1156.2619442862506,672.0,288.0,120.0,125.0,68.0
CRACK05,裂缝分布梯度5,crack_distribution,5,U2,精密设备降速,MG,0eb6ddfa83b02ef4,2043.2619442862506,2043.2619442862506,0.0,0.0,True,0,0,0.0,0.0,0.8562884898390498,0.9523809523809523,1156.2619442862506,672.0,288.0,120.0,125.0,68.0
CRACK05,裂缝分布梯度5,crack_distribution,5,U3,全设备降速,MG,0eb6ddfa83b02ef4,2043.2619442862506,2043.2619442862506,0.0,0.0,False,0,2,0.7478991596638656,0.5420168067226889,0.9304952215300404,1.1204481792717087,1156.2619442862506,672.0,288.0,120.0,125.0,68.0
CRACK05,裂缝分布梯度5,crack_distribution,5,U4,普通设备故障,MG,0eb6ddfa83b02ef4,2043.2619442862506,2043.2619442862506,0.0,0.0,False,3,0,0.0,0.0,0.6297241744080306,0.9523809523809523,1156.2619442862506,672.0,288.0,120.0,125.0,68.0
CRACK05,裂缝分布梯度5,crack_distribution,5,U5,精密设备故障,MG,0eb6ddfa83b02ef4,2043.2619442862506,2043.2619442862506,0.0,0.0,False,1,0,0.0,0.0,0.6701803066873374,0.9523809523809523,1156.2619442862506,672.0,288.0,120.0,125.0,68.0
CRACK05,裂缝分布梯度5,crack_distribution,5,U6,隐藏裂缝,MG,0eb6ddfa83b02ef4,1969.416774741338,2043.2619442862506,-73.84516954491255,0.03614082362342829,True,0,0,0.0,0.0,0.8010241634838611,0.9523809523809523,1094.416774741338,672.0,288.0,120.0,125.0,80.0
CRACK05,裂缝分布梯度5,crack_distribution,5,U7,复合扰动,MG,0eb6ddfa83b02ef4,1969.416774741338,2043.2619442862506,-73.84516954491255,0.03614082362342829,False,3,0,0.0,0.0,0.6688796447195868,0.9523809523809523,1094.416774741338,672.0,288.0,120.0,125.0,80.0
CRACK05,裂缝分布梯度5,crack_distribution,5,U0,基准情景,MG-LS,3318cdb627ff01d1,2199.2619442862506,2199.2619442862506,0.0,0.0,True,0,0,0.0,0.0,0.8736734903280645,0.9643796803297887,1156.2619442862506,672.0,384.0,180.0,125.0,68.0
CRACK05,裂缝分布梯度5,crack_distribution,5,U1,普通设备降速,MG-LS,3318cdb627ff01d1,2199.2619442862506,2199.2619442862506,0.0,0.0,False,0,2,1.0289439484077585,0.5420168067226889,0.9689796043965189,1.1204481792717087,1156.2619442862506,672.0,384.0,180.0,125.0,68.0
CRACK05,裂缝分布梯度5,crack_distribution,5,U2,精密设备降速,MG-LS,3318cdb627ff01d1,2199.2619442862506,2199.2619442862506,0.0,0.0,False,0,1,0.9246357018550615,0.9246357018550615,0.9570748679797703,1.2054746004122359,1156.2619442862506,672.0,384.0,180.0,125.0,68.0
CRACK05,裂缝分布梯度5,crack_distribution,5,U3,全设备降速,MG-LS,3318cdb627ff01d1,2199.2619442862506,2199.2619442862506,0.0,0.0,False,0,3,1.6344834325066406,0.6055394840988821,1.0278511650918407,1.1345643297997516,1156.2619442862506,672.0,384.0,180.0,125.0,68.0
CRACK05,裂缝分布梯度5,crack_distribution,5,U4,普通设备故障,MG-LS,3318cdb627ff01d1,2199.2619442862506,2199.2619442862506,0.0,0.0,False,3,0,0.0,0.0,0.7124767264355609,0.9643796803297887,1156.2619442862506,672.0,384.0,180.0,125.0,68.0
CRACK05,裂缝分布梯度5,crack_distribution,5,U5,精密设备故障,MG-LS,3318cdb627ff01d1,2199.2619442862506,2199.2619442862506,0.0,0.0,False,2,0,0.0,0.0,0.6807975542621068,0.9523809523809523,1156.2619442862506,672.0,384.0,180.0,125.0,68.0
CRACK05,裂缝分布梯度5,crack_distribution,5,U6,隐藏裂缝,MG-LS,3318cdb627ff01d1,2125.416774741338,2199.2619442862506,-73.84516954491255,0.03357725064845711,True,0,0,0.0,0.0,0.8837767155113914,0.9924912526793703,1094.416774741338,672.0,384.0,180.0,125.0,80.0
CRACK05,裂缝分布梯度5,crack_distribution,5,U7,复合扰动,MG-LS,3318cdb627ff01d1,2125.416774741338,2199.2619442862506,-73.84516954491255,0.03357725064845711,False,3,1,0.32189840164894257,0.32189840164894257,0.7596472305752017,1.0715329781442096,1094.416774741338,672.0,384.0,180.0,125.0,80.0
CRACK06,裂缝分布梯度6,crack_distribution,6,U0,基准情景,VF,c21d5ed3b7a519d5,1935.2234054107876,1935.2234054107876,0.0,0.0,True,0,0,0.0,0.0,0.9034302520567922,1.0,1066.2234054107878,624.0,480.0,120.0,275.0,80.0
CRACK06,裂缝分布梯度6,crack_distribution,6,U1,普通设备降速,VF,c21d5ed3b7a519d5,1935.2234054107876,1935.2234054107876,0.0,0.0,False,0,2,0.6954894271473959,0.4896070742062193,0.9961924534001476,1.1088015720458264,1066.2234054107878,624.0,480.0,120.0,275.0,80.0
CRACK06,裂缝分布梯度6,crack_distribution,6,U2,精密设备降速,VF,c21d5ed3b7a519d5,1935.2234054107876,1935.2234054107876,0.0,0.0,False,0,2,1.625,1.125,0.9978746965012366,1.25,1066.2234054107878,624.0,480.0,120.0,275.0,80.0
CRACK06,裂缝分布梯度6,crack_distribution,6,U3,全设备降速,VF,c21d5ed3b7a519d5,1935.2234054107876,1935.2234054107876,0.0,0.0,False,0,4,1.695489427147396,0.7941176470588234,1.0628591200668143,1.1764705882352942,1066.2234054107878,624.0,480.0,120.0,275.0,80.0
CRACK06,裂缝分布梯度6,crack_distribution,6,U4,普通设备故障,VF,c21d5ed3b7a519d5,1935.2234054107876,1935.2234054107876,0.0,0.0,False,3,0,0.0,0.0,0.7149339848090016,1.0,1066.2234054107878,624.0,480.0,120.0,275.0,80.0
CRACK06,裂缝分布梯度6,crack_distribution,6,U5,精密设备故障,VF,c21d5ed3b7a519d5,1935.2234054107876,1935.2234054107876,0.0,0.0,False,2,0,0.0,0.0,0.7256524742790144,1.0,1066.2234054107878,624.0,480.0,120.0,275.0,80.0
CRACK06,裂缝分布梯度6,crack_distribution,6,U6,隐藏裂缝,VF,c21d5ed3b7a519d5,1863.9378649091022,1935.2234054107876,-71.28554050168532,0.036835819731393556,False,0,2,0.36584842209673596,0.18388072222216412,0.957038256369813,1.0408623827160364,1006.9378649091025,624.0,480.0,120.0,275.0,92.0
CRACK06,裂缝分布梯度6,crack_distribution,6,U7,复合扰动,VF,c21d5ed3b7a519d5,1863.9378649091022,1935.2234054107876,-71.28554050168532,0.036835819731393556,False,3,2,1.2021863331939677,0.7021863331939677,0.7942088301963567,1.1560414073764373,1006.9378649091025,624.0,480.0,120.0,275.0,92.0
CRACK06,裂缝分布梯度6,crack_distribution,6,U0,基准情景,VDF,41172db30ac0d3ec,1771.2234054107878,1771.2234054107878,0.0,0.0,True,0,0,0.0,0.0,0.7861824223554855,0.9523809523809523,1066.2234054107878,672.0,288.0,0.0,175.0,80.0
CRACK06,裂缝分布梯度6,crack_distribution,6,U1,普通设备降速,VDF,41172db30ac0d3ec,1771.2234054107878,1771.2234054107878,0.0,0.0,False,0,3,0.9156659111862435,0.5420168067226889,0.8822868617633939,1.1204481792717087,1066.2234054107878,672.0,288.0,0.0,175.0,80.0
CRACK06,裂缝分布梯度6,crack_distribution,6,U2,精密设备降速,VDF,41172db30ac0d3ec,1771.2234054107878,1771.2234054107878,0.0,0.0,True,0,0,0.0,0.0,0.8465800721164868,0.9523809523809523,1066.2234054107878,672.0,288.0,0.0,175.0,80.0
CRACK06,裂缝分布梯度6,crack_distribution,6,U3,全设备降速,VDF,41172db30ac0d3ec,1771.2234054107878,1771.2234054107878,0.0,0.0,False,0,3,0.9156659111862435,0.5420168067226889,0.9249204968888065,1.1204481792717087,1066.2234054107878,672.0,288.0,0.0,175.0,80.0
CRACK06,裂缝分布梯度6,crack_distribution,6,U4,普通设备故障,VDF,41172db30ac0d3ec,1771.2234054107878,1771.2234054107878,0.0,0.0,False,3,0,0.0,0.0,0.6098445672979734,0.9523809523809523,1066.2234054107878,672.0,288.0,0.0,175.0,80.0
CRACK06,裂缝分布梯度6,crack_distribution,6,U5,精密设备故障,VDF,41172db30ac0d3ec,1771.2234054107878,1771.2234054107878,0.0,0.0,False,1,0,0.0,0.0,0.6813025218900899,0.9523809523809523,1066.2234054107878,672.0,288.0,0.0,175.0,80.0
CRACK06,裂缝分布梯度6,crack_distribution,6,U6,隐藏裂缝,VDF,41172db30ac0d3ec,1699.9378649091025,1771.2234054107878,-71.28554050168532,0.040246498710394214,False,0,1,0.02441321117102646,0.02441321117102646,0.8210328240889015,1.0054251580380058,1006.9378649091025,672.0,288.0,0.0,175.0,92.0
CRACK06,裂缝分布梯度6,crack_distribution,6,U7,复合扰动,VDF,41172db30ac0d3ec,1699.9378649091025,1771.2234054107878,-71.28554050168532,0.040246498710394214,False,3,0,0.0,0.0,0.6467911923750789,0.9523809523809523,1006.9378649091025,672.0,288.0,0.0,175.0,92.0
CRACK06,裂缝分布梯度6,crack_distribution,6,U0,基准情景,MG,ab4d9c16be48eb82,1891.2234054107876,1891.2234054107876,0.0,0.0,True,0,0,0.0,0.0,0.8524575502078882,0.9523809523809523,1066.2234054107878,672.0,288.0,120.0,175.0,80.0
CRACK06,裂缝分布梯度6,crack_distribution,6,U1,普通设备降速,MG,ab4d9c16be48eb82,1891.2234054107876,1891.2234054107876,0.0,0.0,False,0,2,0.7478991596638656,0.5420168067226889,0.9467718877867997,1.1204481792717087,1066.2234054107878,672.0,288.0,120.0,175.0,80.0
CRACK06,裂缝分布梯度6,crack_distribution,6,U2,精密设备降速,MG,ab4d9c16be48eb82,1891.2234054107876,1891.2234054107876,0.0,0.0,False,0,1,0.09251555954467872,0.09251555954467872,0.9319599595230692,1.020559013232151,1066.2234054107878,672.0,288.0,120.0,175.0,80.0
CRACK06,裂缝分布梯度6,crack_distribution,6,U3,全设备降速,MG,ab4d9c16be48eb82,1891.2234054107876,1891.2234054107876,0.0,0.0,False,0,2,0.7478991596638656,0.5420168067226889,1.002891235538692,1.1204481792717087,1066.2234054107878,672.0,288.0,120.0,175.0,80.0
CRACK06,裂缝分布梯度6,crack_distribution,6,U4,普通设备故障,MG,ab4d9c16be48eb82,1891.2234054107876,1891.2234054107876,0.0,0.0,False,3,0,0.0,0.0,0.6862636055146918,0.9523809523809523,1066.2234054107878,672.0,288.0,120.0,175.0,80.0
CRACK06,裂缝分布梯度6,crack_distribution,6,U5,精密设备故障,MG,ab4d9c16be48eb82,1891.2234054107876,1891.2234054107876,0.0,0.0,False,1,0,0.0,0.0,0.6977373550643089,0.9523809523809523,1066.2234054107878,672.0,288.0,120.0,175.0,80.0
CRACK06,裂缝分布梯度6,crack_distribution,6,U6,隐藏裂缝,MG,ab4d9c16be48eb82,1819.9378649091022,1891.2234054107876,-71.28554050168532,0.03769281846752609,True,0,0,0.0,0.0,0.8676317426458876,0.9523809523809523,1006.9378649091025,672.0,288.0,120.0,175.0,92.0
CRACK06,裂缝分布梯度6,crack_distribution,6,U7,复合扰动,MG,ab4d9c16be48eb82,1819.9378649091022,1891.2234054107876,-71.28554050168532,0.03769281846752609,False,3,0,0.0,0.0,0.7317012348380991,0.9523809523809523,1006.9378649091025,672.0,288.0,120.0,175.0,92.0
CRACK06,裂缝分布梯度6,crack_distribution,6,U0,基准情景,MG-LS,2099cb34a3576639,2084.2234054107876,2084.2234054107876,0.0,0.0,True,0,0,0.0,0.0,0.8678292719640204,0.9523809523809523,1066.2234054107878,624.0,384.0,240.0,150.0,80.0
CRACK06,裂缝分布梯度6,crack_distribution,6,U1,普通设备降速,MG-LS,2099cb34a3576639,2084.2234054107876,2084.2234054107876,0.0,0.0,False,0,2,0.5444499011268205,0.5420168067226889,0.960787281152685,1.1204481792717087,1066.2234054107878,624.0,384.0,240.0,150.0,80.0
CRACK06,裂缝分布梯度6,crack_distribution,6,U2,精密设备降速,MG-LS,2099cb34a3576639,2084.2234054107876,2084.2234054107876,0.0,0.0,False,0,2,0.5925155595446787,0.5,0.953096076937751,1.1111111111111112,1066.2234054107878,624.0,384.0,240.0,150.0,80.0
CRACK06,裂缝分布梯度6,crack_distribution,6,U3,全设备降速,MG-LS,2099cb34a3576639,2084.2234054107876,2084.2234054107876,0.0,0.0,False,0,3,0.7503322540679971,0.5420168067226889,1.0209756140753181,1.1204481792717087,1066.2234054107878,624.0,384.0,240.0,150.0,80.0
CRACK06,裂缝分布梯度6,crack_distribution,6,U4,普通设备故障,MG-LS,2099cb34a3576639,2084.2234054107876,2084.2234054107876,0.0,0.0,False,3,0,0.0,0.0,0.701635327270824,0.9523809523809523,1066.2234054107878,624.0,384.0,240.0,150.0,80.0
CRACK06,裂缝分布梯度6,crack_distribution,6,U5,精密设备故障,MG-LS,2099cb34a3576639,2084.2234054107876,2084.2234054107876,0.0,0.0,False,2,0,0.0,0.0,0.6900514941862427,0.9523809523809523,1066.2234054107878,624.0,384.0,240.0,150.0,80.0
CRACK06,裂缝分布梯度6,crack_distribution,6,U6,隐藏裂缝,MG-LS,2099cb34a3576639,2012.9378649091022,2084.2234054107876,-71.28554050168532,0.0342024469721543,False,0,1,0.18196769987457184,0.18196769987457184,0.9032099147686738,1.0404372666387938,1006.9378649091025,624.0,384.0,240.0,150.0,92.0
CRACK06,裂缝分布梯度6,crack_distribution,6,U7,复合扰动,MG-LS,2099cb34a3576639,2012.9378649091022,2084.2234054107876,-71.28554050168532,0.0342024469721543,False,3,1,0.7021863331939677,0.7021863331939677,0.7732091023146831,1.1560414073764373,1006.9378649091025,624.0,384.0,240.0,150.0,92.0
DEVICE01,设备性能梯度1,device_performance,1,U0,基准情景,VF,1e48499bb231028f,1675.642951667583,1675.642951667583,0.0,0.0,True,0,0,0.0,0.0,0.7479365079365079,0.8888888888888888,1352.642951667583,288.0,192.0,0.0,125.0,32.0
DEVICE01,设备性能梯度1,device_performance,1,U1,普通设备降速,VF,1e48499bb231028f,1675.642951667583,1675.642951667583,0.0,0.0,False,0,1,0.20588235294117663,0.20588235294117663,0.8250233426704014,1.0457516339869282,1352.642951667583,288.0,192.0,0.0,125.0,32.0
DEVICE01,设备性能梯度1,device_performance,1,U2,精密设备降速,VF,1e48499bb231028f,1675.642951667583,1675.642951667583,0.0,0.0,False,0,1,0.5,0.5,0.8257142857142856,1.1111111111111112,1352.642951667583,288.0,192.0,0.0,125.0,32.0
DEVICE01,设备性能梯度1,device_performance,1,U3,全设备降速,VF,1e48499bb231028f,1675.642951667583,1675.642951667583,0.0,0.0,False,0,2,0.41176470588235325,0.20588235294117663,0.8799253034547151,1.0457516339869282,1352.642951667583,288.0,192.0,0.0,125.0,32.0
DEVICE01,设备性能梯度1,device_performance,1,U4,普通设备故障,VF,1e48499bb231028f,1675.642951667583,1675.642951667583,0.0,0.0,False,1,0,0.0,0.0,0.6412698412698412,0.8888888888888888,1352.642951667583,288.0,192.0,0.0,125.0,32.0
DEVICE01,设备性能梯度1,device_performance,1,U5,精密设备故障,VF,1e48499bb231028f,1675.642951667583,1675.642951667583,0.0,0.0,False,1,0,0.0,0.0,0.5701587301587301,0.8888888888888888,1352.642951667583,288.0,192.0,0.0,125.0,32.0
DEVICE01,设备性能梯度1,device_performance,1,U6,隐藏裂缝,VF,1e48499bb231028f,1590.2391164843593,1675.642951667583,-85.40383518322369,0.050967800209603516,True,0,0,0.0,0.0,0.7681429583031618,0.9899211407221588,1279.2391164843593,288.0,192.0,0.0,125.0,44.0
DEVICE01,设备性能梯度1,device_performance,1,U7,复合扰动,VF,1e48499bb231028f,1590.2391164843593,1675.642951667583,-85.40383518322369,0.050967800209603516,False,1,0,0.0,0.0,0.6960441928710631,0.9899211407221588,1279.2391164843593,288.0,192.0,0.0,125.0,44.0
DEVICE01,设备性能梯度1,device_performance,1,U0,基准情景,VDF,b7844f6fcb9d90fb,1760.642951667583,1760.642951667583,0.0,0.0,True,0,0,0.0,0.0,0.7479365079365079,0.8888888888888888,1352.642951667583,288.0,192.0,60.0,100.0,32.0
DEVICE01,设备性能梯度1,device_performance,1,U1,普通设备降速,VDF,b7844f6fcb9d90fb,1760.642951667583,1760.642951667583,0.0,0.0,False,0,1,0.20588235294117663,0.20588235294117663,0.8250233426704014,1.0457516339869282,1352.642951667583,288.0,192.0,60.0,100.0,32.0
DEVICE01,设备性能梯度1,device_performance,1,U2,精密设备降速,VDF,b7844f6fcb9d90fb,1760.642951667583,1760.642951667583,0.0,0.0,False,0,1,0.5,0.5,0.8257142857142856,1.1111111111111112,1352.642951667583,288.0,192.0,60.0,100.0,32.0
DEVICE01,设备性能梯度1,device_performance,1,U3,全设备降速,VDF,b7844f6fcb9d90fb,1760.642951667583,1760.642951667583,0.0,0.0,False,0,2,0.41176470588235325,0.20588235294117663,0.8799253034547151,1.0457516339869282,1352.642951667583,288.0,192.0,60.0,100.0,32.0
DEVICE01,设备性能梯度1,device_performance,1,U4,普通设备故障,VDF,b7844f6fcb9d90fb,1760.642951667583,1760.642951667583,0.0,0.0,False,1,0,0.0,0.0,0.6412698412698412,0.8888888888888888,1352.642951667583,288.0,192.0,60.0,100.0,32.0
DEVICE01,设备性能梯度1,device_performance,1,U5,精密设备故障,VDF,b7844f6fcb9d90fb,1760.642951667583,1760.642951667583,0.0,0.0,False,1,0,0.0,0.0,0.5701587301587301,0.8888888888888888,1352.642951667583,288.0,192.0,60.0,100.0,32.0
DEVICE01,设备性能梯度1,device_performance,1,U6,隐藏裂缝,VDF,b7844f6fcb9d90fb,1675.2391164843593,1760.642951667583,-85.40383518322369,0.04850718602674888,True,0,0,0.0,0.0,0.7739162298364916,0.8918033714046802,1279.2391164843593,288.0,192.0,60.0,100.0,44.0
DEVICE01,设备性能梯度1,device_performance,1,U7,复合扰动,VDF,b7844f6fcb9d90fb,1675.2391164843593,1760.642951667583,-85.40383518322369,0.04850718602674888,False,1,0,0.0,0.0,0.7018174644043927,0.9876543209876542,1279.2391164843593,288.0,192.0,60.0,100.0,44.0
DEVICE01,设备性能梯度1,device_performance,1,U0,基准情景,MG,d429e5654fad7485,1785.642951667583,1785.642951667583,0.0,0.0,True,0,0,0.0,0.0,0.7479365079365079,0.8888888888888888,1352.642951667583,288.0,192.0,60.0,75.0,32.0
DEVICE01,设备性能梯度1,device_performance,1,U1,普通设备降速,MG,d429e5654fad7485,1785.642951667583,1785.642951667583,0.0,0.0,False,0,1,0.20588235294117663,0.20588235294117663,0.8250233426704014,1.0457516339869282,1352.642951667583,288.0,192.0,60.0,75.0,32.0
DEVICE01,设备性能梯度1,device_performance,1,U2,精密设备降速,MG,d429e5654fad7485,1785.642951667583,1785.642951667583,0.0,0.0,False,0,1,0.5,0.5,0.8257142857142856,1.1111111111111112,1352.642951667583,288.0,192.0,60.0,75.0,32.0
DEVICE01,设备性能梯度1,device_performance,1,U3,全设备降速,MG,d429e5654fad7485,1785.642951667583,1785.642951667583,0.0,0.0,False,0,2,0.41176470588235325,0.20588235294117663,0.8799253034547151,1.0457516339869282,1352.642951667583,288.0,192.0,60.0,75.0,32.0
DEVICE01,设备性能梯度1,device_performance,1,U4,普通设备故障,MG,d429e5654fad7485,1785.642951667583,1785.642951667583,0.0,0.0,False,1,0,0.0,0.0,0.6412698412698412,0.8888888888888888,1352.642951667583,288.0,192.0,60.0,75.0,32.0
DEVICE01,设备性能梯度1,device_performance,1,U5,精密设备故障,MG,d429e5654fad7485,1785.642951667583,1785.642951667583,0.0,0.0,False,1,0,0.0,0.0,0.5701587301587301,0.8888888888888888,1352.642951667583,288.0,192.0,60.0,75.0,32.0
DEVICE01,设备性能梯度1,device_performance,1,U6,隐藏裂缝,MG,d429e5654fad7485,1700.2391164843593,1785.642951667583,-85.40383518322369,0.0478280582932139,True,0,0,0.0,0.0,0.7739162298364916,0.8918033714046802,1279.2391164843593,288.0,192.0,60.0,75.0,44.0
DEVICE01,设备性能梯度1,device_performance,1,U7,复合扰动,MG,d429e5654fad7485,1700.2391164843593,1785.642951667583,-85.40383518322369,0.0478280582932139,False,1,0,0.0,0.0,0.7018174644043927,0.9876543209876542,1279.2391164843593,288.0,192.0,60.0,75.0,44.0
DEVICE01,设备性能梯度1,device_performance,1,U0,基准情景,MG-LS,d429e5654fad7485,1785.642951667583,1785.642951667583,0.0,0.0,True,0,0,0.0,0.0,0.7479365079365079,0.8888888888888888,1352.642951667583,288.0,192.0,60.0,75.0,32.0
DEVICE01,设备性能梯度1,device_performance,1,U1,普通设备降速,MG-LS,d429e5654fad7485,1785.642951667583,1785.642951667583,0.0,0.0,False,0,1,0.20588235294117663,0.20588235294117663,0.8250233426704014,1.0457516339869282,1352.642951667583,288.0,192.0,60.0,75.0,32.0
DEVICE01,设备性能梯度1,device_performance,1,U2,精密设备降速,MG-LS,d429e5654fad7485,1785.642951667583,1785.642951667583,0.0,0.0,False,0,1,0.5,0.5,0.8257142857142856,1.1111111111111112,1352.642951667583,288.0,192.0,60.0,75.0,32.0
DEVICE01,设备性能梯度1,device_performance,1,U3,全设备降速,MG-LS,d429e5654fad7485,1785.642951667583,1785.642951667583,0.0,0.0,False,0,2,0.41176470588235325,0.20588235294117663,0.8799253034547151,1.0457516339869282,1352.642951667583,288.0,192.0,60.0,75.0,32.0
DEVICE01,设备性能梯度1,device_performance,1,U4,普通设备故障,MG-LS,d429e5654fad7485,1785.642951667583,1785.642951667583,0.0,0.0,False,1,0,0.0,0.0,0.6412698412698412,0.8888888888888888,1352.642951667583,288.0,192.0,60.0,75.0,32.0
DEVICE01,设备性能梯度1,device_performance,1,U5,精密设备故障,MG-LS,d429e5654fad7485,1785.642951667583,1785.642951667583,0.0,0.0,False,1,0,0.0,0.0,0.5701587301587301,0.8888888888888888,1352.642951667583,288.0,192.0,60.0,75.0,32.0
DEVICE01,设备性能梯度1,device_performance,1,U6,隐藏裂缝,MG-LS,d429e5654fad7485,1700.2391164843593,1785.642951667583,-85.40383518322369,0.0478280582932139,True,0,0,0.0,0.0,0.7739162298364916,0.8918033714046802,1279.2391164843593,288.0,192.0,60.0,75.0,44.0
DEVICE01,设备性能梯度1,device_performance,1,U7,复合扰动,MG-LS,d429e5654fad7485,1700.2391164843593,1785.642951667583,-85.40383518322369,0.0478280582932139,False,1,0,0.0,0.0,0.7018174644043927,0.9876543209876542,1279.2391164843593,288.0,192.0,60.0,75.0,44.0
DEVICE02,设备性能梯度2,device_performance,2,U0,基准情景,VF,9f851764d0d64fc9,1998.642951667583,1998.642951667583,0.0,0.0,True,0,0,0.0,0.0,0.7884303350970018,0.9876543209876544,1352.642951667583,480.0,288.0,60.0,150.0,32.0
DEVICE02,设备性能梯度2,device_performance,2,U1,普通设备降速,VF,9f851764d0d64fc9,1998.642951667583,1998.642951667583,0.0,0.0,False,0,1,0.7287581699346406,0.7287581699346406,0.8752775184147733,1.1619462599854757,1352.642951667583,480.0,288.0,60.0,150.0,32.0
DEVICE02,设备性能梯度2,device_performance,2,U2,精密设备降速,VF,9f851764d0d64fc9,1998.642951667583,1998.642951667583,0.0,0.0,False,0,1,0.5,0.5,0.8625044091710758,1.1111111111111112,1352.642951667583,480.0,288.0,60.0,150.0,32.0
DEVICE02,设备性能梯度2,device_performance,2,U3,全设备降速,VF,9f851764d0d64fc9,1998.642951667583,1998.642951667583,0.0,0.0,False,0,2,0.9346405228758172,0.7287581699346406,0.9275651001141199,1.1619462599854757,1352.642951667583,480.0,288.0,60.0,150.0,32.0
DEVICE02,设备性能梯度2,device_performance,2,U4,普通设备故障,VF,9f851764d0d64fc9,1998.642951667583,1998.642951667583,0.0,0.0,False,2,0,0.0,0.0,0.6462081128747795,0.9876543209876544,1352.642951667583,480.0,288.0,60.0,150.0,32.0
DEVICE02,设备性能梯度2,device_performance,2,U5,精密设备故障,VF,9f851764d0d64fc9,1998.642951667583,1998.642951667583,0.0,0.0,False,1,0,0.0,0.0,0.6699118165784832,0.9876543209876544,1352.642951667583,480.0,288.0,60.0,150.0,32.0
DEVICE02,设备性能梯度2,device_performance,2,U6,隐藏裂缝,VF,9f851764d0d64fc9,1913.2391164843593,1998.642951667583,-85.40383518322369,0.042730911547741106,False,0,1,0.24754119994425317,0.24754119994425317,0.8086625916810007,1.0550091555431673,1279.2391164843593,480.0,288.0,60.0,150.0,44.0
DEVICE02,设备性能梯度2,device_performance,2,U7,复合扰动,VF,9f851764d0d64fc9,1913.2391164843593,1998.642951667583,-85.40383518322369,0.042730911547741106,False,2,1,0.24754119994425317,0.24754119994425317,0.6926008904854706,1.0550091555431673,1279.2391164843593,480.0,288.0,60.0,150.0,44.0
DEVICE02,设备性能梯度2,device_performance,2,U0,基准情景,VDF,d82c912d70f59ec5,2033.642951667583,2033.642951667583,0.0,0.0,True,0,0,0.0,0.0,0.7884303350970018,0.9876543209876544,1352.642951667583,480.0,288.0,120.0,175.0,32.0
DEVICE02,设备性能梯度2,device_performance,2,U1,普通设备降速,VDF,d82c912d70f59ec5,2033.642951667583,2033.642951667583,0.0,0.0,False,0,1,0.7287581699346406,0.7287581699346406,0.8752775184147733,1.1619462599854757,1352.642951667583,480.0,288.0,120.0,175.0,32.0
DEVICE02,设备性能梯度2,device_performance,2,U2,精密设备降速,VDF,d82c912d70f59ec5,2033.642951667583,2033.642951667583,0.0,0.0,False,0,1,0.5,0.5,0.8625044091710758,1.1111111111111112,1352.642951667583,480.0,288.0,120.0,175.0,32.0
DEVICE02,设备性能梯度2,device_performance,2,U3,全设备降速,VDF,d82c912d70f59ec5,2033.642951667583,2033.642951667583,0.0,0.0,False,0,2,0.9346405228758172,0.7287581699346406,0.9275651001141199,1.1619462599854757,1352.642951667583,480.0,288.0,120.0,175.0,32.0
DEVICE02,设备性能梯度2,device_performance,2,U4,普通设备故障,VDF,d82c912d70f59ec5,2033.642951667583,2033.642951667583,0.0,0.0,False,2,0,0.0,0.0,0.6462081128747795,0.9876543209876544,1352.642951667583,480.0,288.0,120.0,175.0,32.0
DEVICE02,设备性能梯度2,device_performance,2,U5,精密设备故障,VDF,d82c912d70f59ec5,2033.642951667583,2033.642951667583,0.0,0.0,False,1,0,0.0,0.0,0.6699118165784832,0.9876543209876544,1352.642951667583,480.0,288.0,120.0,175.0,32.0
DEVICE02,设备性能梯度2,device_performance,2,U6,隐藏裂缝,VDF,d82c912d70f59ec5,1948.2391164843593,2033.642951667583,-85.40383518322369,0.041995491447106154,False,0,1,0.24754119994425317,0.24754119994425317,0.8086625916810007,1.0550091555431673,1279.2391164843593,480.0,288.0,120.0,175.0,44.0
DEVICE02,设备性能梯度2,device_performance,2,U7,复合扰动,VDF,d82c912d70f59ec5,1948.2391164843593,2033.642951667583,-85.40383518322369,0.041995491447106154,False,2,1,0.24754119994425317,0.24754119994425317,0.6926008904854706,1.0550091555431673,1279.2391164843593,480.0,288.0,120.0,175.0,44.0
DEVICE02,设备性能梯度2,device_performance,2,U0,基准情景,MG,dcbf2edeeaa5fb3c,2108.642951667583,2108.642951667583,0.0,0.0,True,0,0,0.0,0.0,0.7884303350970018,0.9876543209876544,1352.642951667583,480.0,288.0,120.0,100.0,32.0
DEVICE02,设备性能梯度2,device_performance,2,U1,普通设备降速,MG,dcbf2edeeaa5fb3c,2108.642951667583,2108.642951667583,0.0,0.0,False,0,1,0.7287581699346406,0.7287581699346406,0.8752775184147733,1.1619462599854757,1352.642951667583,480.0,288.0,120.0,100.0,32.0
DEVICE02,设备性能梯度2,device_performance,2,U2,精密设备降速,MG,dcbf2edeeaa5fb3c,2108.642951667583,2108.642951667583,0.0,0.0,False,0,1,0.5,0.5,0.8625044091710758,1.1111111111111112,1352.642951667583,480.0,288.0,120.0,100.0,32.0
DEVICE02,设备性能梯度2,device_performance,2,U3,全设备降速,MG,dcbf2edeeaa5fb3c,2108.642951667583,2108.642951667583,0.0,0.0,False,0,2,0.9346405228758172,0.7287581699346406,0.9275651001141199,1.1619462599854757,1352.642951667583,480.0,288.0,120.0,100.0,32.0
DEVICE02,设备性能梯度2,device_performance,2,U4,普通设备故障,MG,dcbf2edeeaa5fb3c,2108.642951667583,2108.642951667583,0.0,0.0,False,2,0,0.0,0.0,0.6462081128747795,0.9876543209876544,1352.642951667583,480.0,288.0,120.0,100.0,32.0
DEVICE02,设备性能梯度2,device_performance,2,U5,精密设备故障,MG,dcbf2edeeaa5fb3c,2108.642951667583,2108.642951667583,0.0,0.0,False,1,0,0.0,0.0,0.6699118165784832,0.9876543209876544,1352.642951667583,480.0,288.0,120.0,100.0,32.0
DEVICE02,设备性能梯度2,device_performance,2,U6,隐藏裂缝,MG,dcbf2edeeaa5fb3c,2023.2391164843593,2108.642951667583,-85.40383518322369,0.040501800039538974,False,0,1,0.24754119994425317,0.24754119994425317,0.8019013020081044,1.0550091555431673,1279.2391164843593,480.0,288.0,120.0,100.0,44.0
DEVICE02,设备性能梯度2,device_performance,2,U7,复合扰动,MG,dcbf2edeeaa5fb3c,2023.2391164843593,2108.642951667583,-85.40383518322369,0.040501800039538974,False,2,1,0.24754119994425317,0.24754119994425317,0.6926008904854706,1.0550091555431673,1279.2391164843593,480.0,288.0,120.0,100.0,44.0
DEVICE02,设备性能梯度2,device_performance,2,U0,基准情景,MG-LS,dcbf2edeeaa5fb3c,2108.642951667583,2108.642951667583,0.0,0.0,True,0,0,0.0,0.0,0.7884303350970018,0.9876543209876544,1352.642951667583,480.0,288.0,120.0,100.0,32.0
DEVICE02,设备性能梯度2,device_performance,2,U1,普通设备降速,MG-LS,dcbf2edeeaa5fb3c,2108.642951667583,2108.642951667583,0.0,0.0,False,0,1,0.7287581699346406,0.7287581699346406,0.8752775184147733,1.1619462599854757,1352.642951667583,480.0,288.0,120.0,100.0,32.0
DEVICE02,设备性能梯度2,device_performance,2,U2,精密设备降速,MG-LS,dcbf2edeeaa5fb3c,2108.642951667583,2108.642951667583,0.0,0.0,False,0,1,0.5,0.5,0.8625044091710758,1.1111111111111112,1352.642951667583,480.0,288.0,120.0,100.0,32.0
DEVICE02,设备性能梯度2,device_performance,2,U3,全设备降速,MG-LS,dcbf2edeeaa5fb3c,2108.642951667583,2108.642951667583,0.0,0.0,False,0,2,0.9346405228758172,0.7287581699346406,0.9275651001141199,1.1619462599854757,1352.642951667583,480.0,288.0,120.0,100.0,32.0
DEVICE02,设备性能梯度2,device_performance,2,U4,普通设备故障,MG-LS,dcbf2edeeaa5fb3c,2108.642951667583,2108.642951667583,0.0,0.0,False,2,0,0.0,0.0,0.6462081128747795,0.9876543209876544,1352.642951667583,480.0,288.0,120.0,100.0,32.0
DEVICE02,设备性能梯度2,device_performance,2,U5,精密设备故障,MG-LS,dcbf2edeeaa5fb3c,2108.642951667583,2108.642951667583,0.0,0.0,False,1,0,0.0,0.0,0.6699118165784832,0.9876543209876544,1352.642951667583,480.0,288.0,120.0,100.0,32.0
DEVICE02,设备性能梯度2,device_performance,2,U6,隐藏裂缝,MG-LS,dcbf2edeeaa5fb3c,2023.2391164843593,2108.642951667583,-85.40383518322369,0.040501800039538974,False,0,1,0.24754119994425317,0.24754119994425317,0.8019013020081044,1.0550091555431673,1279.2391164843593,480.0,288.0,120.0,100.0,44.0
DEVICE02,设备性能梯度2,device_performance,2,U7,复合扰动,MG-LS,dcbf2edeeaa5fb3c,2023.2391164843593,2108.642951667583,-85.40383518322369,0.040501800039538974,False,2,1,0.24754119994425317,0.24754119994425317,0.6926008904854706,1.0550091555431673,1279.2391164843593,480.0,288.0,120.0,100.0,44.0
DEVICE03,设备性能梯度3,device_performance,3,U0,基准情景,VF,792681bc8c2f226a,2317.642951667583,2317.642951667583,0.0,0.0,True,0,0,0.0,0.0,0.906031746031746,1.0,1352.642951667583,672.0,480.0,120.0,275.0,32.0
DEVICE03,设备性能梯度3,device_performance,3,U1,普通设备降速,VF,792681bc8c2f226a,2317.642951667583,2317.642951667583,0.0,0.0,False,0,2,0.7478991596638656,0.5420168067226889,0.9992530345471522,1.1204481792717087,1352.642951667583,672.0,480.0,120.0,275.0,32.0
DEVICE03,设备性能梯度3,device_performance,3,U2,精密设备降速,VF,792681bc8c2f226a,2317.642951667583,2317.642951667583,0.0,0.0,False,0,2,1.625,1.125,1.0004761904761905,1.25,1352.642951667583,672.0,480.0,120.0,275.0,32.0
DEVICE03,设备性能梯度3,device_performance,3,U3,全设备降速,VF,792681bc8c2f226a,2317.642951667583,2317.642951667583,0.0,0.0,False,0,4,1.7478991596638656,0.7941176470588234,1.065919701213819,1.1764705882352942,1352.642951667583,672.0,480.0,120.0,275.0,32.0
DEVICE03,设备性能梯度3,device_performance,3,U4,普通设备故障,VF,792681bc8c2f226a,2317.642951667583,2317.642951667583,0.0,0.0,False,3,0,0.0,0.0,0.7460317460317459,1.0,1352.642951667583,672.0,480.0,120.0,275.0,32.0
DEVICE03,设备性能梯度3,device_performance,3,U5,精密设备故障,VF,792681bc8c2f226a,2317.642951667583,2317.642951667583,0.0,0.0,False,2,0,0.0,0.0,0.7282539682539683,1.0,1352.642951667583,672.0,480.0,120.0,275.0,32.0
DEVICE03,设备性能梯度3,device_performance,3,U6,隐藏裂缝,VF,792681bc8c2f226a,2232.2391164843593,2317.642951667583,-85.40383518322369,0.0368494358122653,False,0,1,0.18196769987457184,0.18196769987457184,0.9399635410493501,1.0404372666387938,1279.2391164843593,672.0,480.0,120.0,275.0,44.0
DEVICE03,设备性能梯度3,device_performance,3,U7,复合扰动,VF,792681bc8c2f226a,2232.2391164843593,2317.642951667583,-85.40383518322369,0.0368494358122653,False,3,2,1.2021863331939677,0.7021863331939677,0.825306591419101,1.1560414073764373,1279.2391164843593,672.0,480.0,120.0,275.0,44.0
DEVICE03,设备性能梯度3,device_performance,3,U0,基准情景,VDF,5caa894afcb76c4c,2622.642951667583,2622.642951667583,0.0,0.0,True,0,0,0.0,0.0,0.906031746031746,1.0,1352.642951667583,672.0,480.0,300.0,150.0,32.0
DEVICE03,设备性能梯度3,device_performance,3,U1,普通设备降速,VDF,5caa894afcb76c4c,2622.642951667583,2622.642951667583,0.0,0.0,False,0,2,0.7478991596638656,0.5420168067226889,0.9992530345471522,1.1204481792717087,1352.642951667583,672.0,480.0,300.0,150.0,32.0
DEVICE03,设备性能梯度3,device_performance,3,U2,精密设备降速,VDF,5caa894afcb76c4c,2622.642951667583,2622.642951667583,0.0,0.0,False,0,2,1.625,1.125,1.0004761904761905,1.25,1352.642951667583,672.0,480.0,300.0,150.0,32.0
DEVICE03,设备性能梯度3,device_performance,3,U3,全设备降速,VDF,5caa894afcb76c4c,2622.642951667583,2622.642951667583,0.0,0.0,False,0,4,1.7478991596638656,0.7941176470588234,1.065919701213819,1.1764705882352942,1352.642951667583,672.0,480.0,300.0,150.0,32.0
DEVICE03,设备性能梯度3,device_performance,3,U4,普通设备故障,VDF,5caa894afcb76c4c,2622.642951667583,2622.642951667583,0.0,0.0,False,3,0,0.0,0.0,0.7460317460317459,1.0,1352.642951667583,672.0,480.0,300.0,150.0,32.0
DEVICE03,设备性能梯度3,device_performance,3,U5,精密设备故障,VDF,5caa894afcb76c4c,2622.642951667583,2622.642951667583,0.0,0.0,False,2,0,0.0,0.0,0.7282539682539683,1.0,1352.642951667583,672.0,480.0,300.0,150.0,32.0
DEVICE03,设备性能梯度3,device_performance,3,U6,隐藏裂缝,VDF,5caa894afcb76c4c,2537.2391164843593,2622.642951667583,-85.40383518322369,0.032564034356609796,False,0,1,0.1426209540376595,0.1426209540376595,0.9224736802834134,1.0316935453417022,1279.2391164843593,672.0,480.0,300.0,150.0,44.0
DEVICE03,设备性能梯度3,device_performance,3,U7,复合扰动,VDF,5caa894afcb76c4c,2537.2391164843593,2622.642951667583,-85.40383518322369,0.032564034356609796,False,3,1,0.6584677267085102,0.6584677267085102,0.8051532899329821,1.14632616149078,1279.2391164843593,672.0,480.0,300.0,150.0,44.0
DEVICE03,设备性能梯度3,device_performance,3,U0,基准情景,MG,d362686e60a64edb,2587.642951667583,2587.642951667583,0.0,0.0,True,0,0,0.0,0.0,0.906031746031746,1.0,1352.642951667583,672.0,480.0,240.0,125.0,32.0
DEVICE03,设备性能梯度3,device_performance,3,U1,普通设备降速,MG,d362686e60a64edb,2587.642951667583,2587.642951667583,0.0,0.0,False,0,2,0.7478991596638656,0.5420168067226889,0.9992530345471522,1.1204481792717087,1352.642951667583,672.0,480.0,240.0,125.0,32.0
DEVICE03,设备性能梯度3,device_performance,3,U2,精密设备降速,MG,d362686e60a64edb,2587.642951667583,2587.642951667583,0.0,0.0,False,0,2,1.625,1.125,1.0004761904761905,1.25,1352.642951667583,672.0,480.0,240.0,125.0,32.0
DEVICE03,设备性能梯度3,device_performance,3,U3,全设备降速,MG,d362686e60a64edb,2587.642951667583,2587.642951667583,0.0,0.0,False,0,4,1.7478991596638656,0.7941176470588234,1.065919701213819,1.1764705882352942,1352.642951667583,672.0,480.0,240.0,125.0,32.0
DEVICE03,设备性能梯度3,device_performance,3,U4,普通设备故障,MG,d362686e60a64edb,2587.642951667583,2587.642951667583,0.0,0.0,False,3,0,0.0,0.0,0.7460317460317459,1.0,1352.642951667583,672.0,480.0,240.0,125.0,32.0
DEVICE03,设备性能梯度3,device_performance,3,U5,精密设备故障,MG,d362686e60a64edb,2587.642951667583,2587.642951667583,0.0,0.0,False,2,0,0.0,0.0,0.7282539682539683,1.0,1352.642951667583,672.0,480.0,240.0,125.0,32.0
DEVICE03,设备性能梯度3,device_performance,3,U6,隐藏裂缝,MG,d362686e60a64edb,2502.2391164843593,2587.642951667583,-85.40383518322369,0.033004489714543485,True,0,0,0.0,0.0,0.9212059384697454,1.0,1279.2391164843593,672.0,480.0,240.0,125.0,44.0
DEVICE03,设备性能梯度3,device_performance,3,U7,复合扰动,MG,d362686e60a64edb,2502.2391164843593,2587.642951667583,-85.40383518322369,0.033004489714543485,False,3,1,0.5,0.5,0.7981102798570483,1.1111111111111112,1279.2391164843593,672.0,480.0,240.0,125.0,44.0
DEVICE03,设备性能梯度3,device_performance,3,U0,基准情景,MG-LS,d362686e60a64edb,2587.642951667583,2587.642951667583,0.0,0.0,True,0,0,0.0,0.0,0.906031746031746,1.0,1352.642951667583,672.0,480.0,240.0,125.0,32.0
DEVICE03,设备性能梯度3,device_performance,3,U1,普通设备降速,MG-LS,d362686e60a64edb,2587.642951667583,2587.642951667583,0.0,0.0,False,0,2,0.7478991596638656,0.5420168067226889,0.9992530345471522,1.1204481792717087,1352.642951667583,672.0,480.0,240.0,125.0,32.0
DEVICE03,设备性能梯度3,device_performance,3,U2,精密设备降速,MG-LS,d362686e60a64edb,2587.642951667583,2587.642951667583,0.0,0.0,False,0,2,1.625,1.125,1.0004761904761905,1.25,1352.642951667583,672.0,480.0,240.0,125.0,32.0
DEVICE03,设备性能梯度3,device_performance,3,U3,全设备降速,MG-LS,d362686e60a64edb,2587.642951667583,2587.642951667583,0.0,0.0,False,0,4,1.7478991596638656,0.7941176470588234,1.065919701213819,1.1764705882352942,1352.642951667583,672.0,480.0,240.0,125.0,32.0
DEVICE03,设备性能梯度3,device_performance,3,U4,普通设备故障,MG-LS,d362686e60a64edb,2587.642951667583,2587.642951667583,0.0,0.0,False,3,0,0.0,0.0,0.7460317460317459,1.0,1352.642951667583,672.0,480.0,240.0,125.0,32.0
DEVICE03,设备性能梯度3,device_performance,3,U5,精密设备故障,MG-LS,d362686e60a64edb,2587.642951667583,2587.642951667583,0.0,0.0,False,2,0,0.0,0.0,0.7282539682539683,1.0,1352.642951667583,672.0,480.0,240.0,125.0,32.0
DEVICE03,设备性能梯度3,device_performance,3,U6,隐藏裂缝,MG-LS,d362686e60a64edb,2502.2391164843593,2587.642951667583,-85.40383518322369,0.033004489714543485,True,0,0,0.0,0.0,0.9212059384697454,1.0,1279.2391164843593,672.0,480.0,240.0,125.0,44.0
DEVICE03,设备性能梯度3,device_performance,3,U7,复合扰动,MG-LS,d362686e60a64edb,2502.2391164843593,2587.642951667583,-85.40383518322369,0.033004489714543485,False,3,1,0.5,0.5,0.7981102798570483,1.1111111111111112,1279.2391164843593,672.0,480.0,240.0,125.0,44.0
DEVICE04,设备性能梯度4,device_performance,4,U0,基准情景,VF,310e7fa174adf50b,2509.642951667583,2509.642951667583,0.0,0.0,True,0,0,0.0,0.0,0.857576168252616,0.9481481481481482,1352.642951667583,864.0,480.0,120.0,275.0,32.0
DEVICE04,设备性能梯度4,device_performance,4,U1,普通设备降速,VF,310e7fa174adf50b,2509.642951667583,2509.642951667583,0.0,0.0,False,0,3,1.2005456302163058,0.5196078431372548,0.9555798057873913,1.1154684095860565,1352.642951667583,864.0,480.0,120.0,275.0,32.0
DEVICE04,设备性能梯度4,device_performance,4,U2,精密设备降速,VF,310e7fa174adf50b,2509.642951667583,2509.642951667583,0.0,0.0,True,0,0,0.0,0.0,0.9331317238081717,1.0,1352.642951667583,864.0,480.0,120.0,275.0,32.0
DEVICE04,设备性能梯度4,device_performance,4,U3,全设备降速,VF,310e7fa174adf50b,2509.642951667583,2509.642951667583,0.0,0.0,False,0,3,1.2005456302163058,0.5196078431372548,1.0089131391207247,1.1154684095860565,1352.642951667583,864.0,480.0,120.0,275.0,32.0
DEVICE04,设备性能梯度4,device_performance,4,U4,普通设备故障,VF,310e7fa174adf50b,2509.642951667583,2509.642951667583,0.0,0.0,False,4,0,0.0,0.0,0.6747089947089948,0.9481481481481482,1352.642951667583,864.0,480.0,120.0,275.0,32.0
DEVICE04,设备性能梯度4,device_performance,4,U5,精密设备故障,VF,310e7fa174adf50b,2509.642951667583,2509.642951667583,0.0,0.0,False,2,0,0.0,0.0,0.7153539460303937,0.9481481481481482,1352.642951667583,864.0,480.0,120.0,275.0,32.0
DEVICE04,设备性能梯度4,device_performance,4,U6,隐藏裂缝,VF,310e7fa174adf50b,2424.2391164843593,2509.642951667583,-85.40383518322369,0.03403027316155686,True,0,0,0.0,0.0,0.8998186393532329,0.9930407048997735,1279.2391164843593,864.0,480.0,120.0,275.0,44.0
DEVICE04,设备性能梯度4,device_performance,4,U7,复合扰动,VF,310e7fa174adf50b,2424.2391164843593,2509.642951667583,-85.40383518322369,0.03403027316155686,False,4,0,0.0,0.0,0.737484938669079,0.9594169642696423,1279.2391164843593,864.0,480.0,120.0,275.0,44.0
DEVICE04,设备性能梯度4,device_performance,4,U0,基准情景,VDF,fde88b11bbe78f05,2534.642951667583,2534.642951667583,0.0,0.0,True,0,0,0.0,0.0,0.8631050721684547,0.9481481481481482,1352.642951667583,864.0,480.0,120.0,250.0,32.0
DEVICE04,设备性能梯度4,device_performance,4,U1,普通设备降速,VDF,fde88b11bbe78f05,2534.642951667583,2534.642951667583,0.0,0.0,False,0,3,0.9810156217932988,0.5196078431372548,0.9596451763137435,1.1154684095860565,1352.642951667583,864.0,480.0,120.0,250.0,32.0
DEVICE04,设备性能梯度4,device_performance,4,U2,精密设备降速,VDF,fde88b11bbe78f05,2534.642951667583,2534.642951667583,0.0,0.0,True,0,0,0.0,0.0,0.9421161926714096,1.0,1352.642951667583,864.0,480.0,120.0,250.0,32.0
DEVICE04,设备性能梯度4,device_performance,4,U3,全设备降速,VDF,fde88b11bbe78f05,2534.642951667583,2534.642951667583,0.0,0.0,False,0,3,0.9810156217932988,0.5196078431372548,1.0154177319628879,1.1154684095860565,1352.642951667583,864.0,480.0,120.0,250.0,32.0
DEVICE04,设备性能梯度4,device_performance,4,U4,普通设备故障,VDF,fde88b11bbe78f05,2534.642951667583,2534.642951667583,0.0,0.0,False,4,0,0.0,0.0,0.6885312544985915,0.9481481481481482,1352.642951667583,864.0,480.0,120.0,250.0,32.0
DEVICE04,设备性能梯度4,device_performance,4,U5,精密设备故障,VDF,fde88b11bbe78f05,2534.642951667583,2534.642951667583,0.0,0.0,False,2,0,0.0,0.0,0.7070605901566357,0.9481481481481482,1352.642951667583,864.0,480.0,120.0,250.0,32.0
DEVICE04,设备性能梯度4,device_performance,4,U6,隐藏裂缝,VDF,fde88b11bbe78f05,2449.2391164843593,2534.642951667583,-85.40383518322369,0.0336946216140759,True,0,0,0.0,0.0,0.8898263153255481,0.988561048881456,1279.2391164843593,864.0,480.0,120.0,250.0,44.0
DEVICE04,设备性能梯度4,device_performance,4,U7,复合扰动,VDF,fde88b11bbe78f05,2449.2391164843593,2534.642951667583,-85.40383518322369,0.0336946216140759,False,4,0,0.0,0.0,0.7346275837762202,0.988561048881456,1279.2391164843593,864.0,480.0,120.0,250.0,44.0
DEVICE04,设备性能梯度4,device_performance,4,U0,基准情景,MG,e7f0e1998be7de05,2619.642951667583,2619.642951667583,0.0,0.0,True,0,0,0.0,0.0,0.8890713525998656,0.9481481481481482,1352.642951667583,864.0,480.0,180.0,225.0,32.0
DEVICE04,设备性能梯度4,device_performance,4,U1,普通设备降速,MG,e7f0e1998be7de05,2619.642951667583,2619.642951667583,0.0,0.0,False,0,3,0.8775910364145654,0.5196078431372548,0.9849219595092957,1.1154684095860565,1352.642951667583,864.0,480.0,180.0,225.0,32.0
DEVICE04,设备性能梯度4,device_performance,4,U2,精密设备降速,MG,e7f0e1998be7de05,2619.642951667583,2619.642951667583,0.0,0.0,False,0,2,0.7289413156807409,0.5902617930395087,0.9755508309614722,1.131169287342113,1352.642951667583,864.0,480.0,180.0,225.0,32.0
DEVICE04,设备性能梯度4,device_performance,4,U3,全设备降速,MG,e7f0e1998be7de05,2619.642951667583,2619.642951667583,0.0,0.0,False,0,4,1.1684256651576321,0.5196078431372548,1.0459662971763124,1.1154684095860565,1352.642951667583,864.0,480.0,180.0,225.0,32.0
DEVICE04,设备性能梯度4,device_performance,4,U4,普通设备故障,MG,e7f0e1998be7de05,2619.642951667583,2619.642951667583,0.0,0.0,False,4,0,0.0,0.0,0.7184046859331988,0.9481481481481482,1352.642951667583,864.0,480.0,180.0,225.0,32.0
DEVICE04,设备性能梯度4,device_performance,4,U5,精密设备故障,MG,e7f0e1998be7de05,2619.642951667583,2619.642951667583,0.0,0.0,False,2,0,0.0,0.0,0.7080842666251275,0.9481481481481482,1352.642951667583,864.0,480.0,180.0,225.0,32.0
DEVICE04,设备性能梯度4,device_performance,4,U6,隐藏裂缝,MG,e7f0e1998be7de05,2534.2391164843593,2619.642951667583,-85.40383518322369,0.03260132650094864,True,0,0,0.0,0.0,0.9000516283206256,0.988561048881456,1279.2391164843593,864.0,480.0,180.0,225.0,44.0
DEVICE04,设备性能梯度4,device_performance,4,U7,复合扰动,MG,e7f0e1998be7de05,2534.2391164843593,2619.642951667583,-85.40383518322369,0.03260132650094864,False,4,1,0.024677149368452334,0.024677149368452334,0.7678202853702285,1.0054838109707671,1279.2391164843593,864.0,480.0,180.0,225.0,44.0
DEVICE04,设备性能梯度4,device_performance,4,U0,基准情景,MG-LS,75a720ec5c6b7486,2839.642951667583,2839.642951667583,0.0,0.0,True,0,0,0.0,0.0,0.8773844401978806,0.9773654291531102,1352.642951667583,864.0,480.0,300.0,125.0,32.0
DEVICE04,设备性能梯度4,device_performance,4,U1,普通设备降速,MG-LS,75a720ec5c6b7486,2839.642951667583,2839.642951667583,0.0,0.0,False,0,3,1.032270759382011,0.6742875661047005,0.9742662452604274,1.1498416813566001,1352.642951667583,864.0,480.0,300.0,125.0,32.0
DEVICE04,设备性能梯度4,device_performance,4,U2,精密设备降速,MG-LS,75a720ec5c6b7486,2839.642951667583,2839.642951667583,0.0,0.0,False,0,2,0.23589969872200456,0.1386795226412323,0.959481326408743,1.0308176716980517,1352.642951667583,864.0,480.0,300.0,125.0,32.0
DEVICE04,设备性能梯度4,device_performance,4,U3,全设备降速,MG-LS,75a720ec5c6b7486,2839.642951667583,2839.642951667583,0.0,0.0,False,0,3,1.032270759382011,0.6742875661047005,1.0322169884680947,1.1498416813566001,1352.642951667583,864.0,480.0,300.0,125.0,32.0
DEVICE04,设备性能梯度4,device_performance,4,U4,普通设备故障,MG-LS,75a720ec5c6b7486,2839.642951667583,2839.642951667583,0.0,0.0,False,4,0,0.0,0.0,0.7067177735312139,0.9773654291531102,1352.642951667583,864.0,480.0,300.0,125.0,32.0
DEVICE04,设备性能梯度4,device_performance,4,U5,精密设备故障,MG-LS,75a720ec5c6b7486,2839.642951667583,2839.642951667583,0.0,0.0,False,2,0,0.0,0.0,0.7139277228261198,0.9773654291531102,1352.642951667583,864.0,480.0,300.0,125.0,32.0
DEVICE04,设备性能梯度4,device_performance,4,U6,隐藏裂缝,MG-LS,75a720ec5c6b7486,2754.2391164843593,2839.642951667583,-85.40383518322369,0.030075554087907498,False,0,1,0.08000248448888225,0.08000248448888225,0.8883647159186406,1.0177783298864183,1279.2391164843593,864.0,480.0,300.0,125.0,44.0
DEVICE04,设备性能梯度4,device_performance,4,U7,复合扰动,MG-LS,75a720ec5c6b7486,2754.2391164843593,2839.642951667583,-85.40383518322369,0.030075554087907498,False,4,1,0.08000248448888225,0.08000248448888225,0.7541855542345794,1.0177783298864183,1279.2391164843593,864.0,480.0,300.0,125.0,44.0
DEVICE05,设备性能梯度5,device_performance,5,U0,基准情景,VF,34fed49cf50d617f,2915.642951667583,2915.642951667583,0.0,0.0,True,0,0,0.0,0.0,0.9266503722477587,0.9876543209876546,1352.642951667583,1008.0,672.0,240.0,325.0,32.0
DEVICE05,设备性能梯度5,device_performance,5,U1,普通设备降速,VF,34fed49cf50d617f,2915.642951667583,2915.642951667583,0.0,0.0,False,0,3,1.617215735970083,0.7287581699346406,1.0274318104875593,1.1619462599854757,1352.642951667583,1008.0,672.0,240.0,325.0,32.0
DEVICE05,设备性能梯度5,device_performance,5,U2,精密设备降速,VF,34fed49cf50d617f,2915.642951667583,2915.642951667583,0.0,0.0,False,0,2,1.0,0.5,1.0155392611366476,1.1111111111111112,1352.642951667583,1008.0,672.0,240.0,325.0,32.0
DEVICE05,设备性能梯度5,device_performance,5,U3,全设备降速,VF,34fed49cf50d617f,2915.642951667583,2915.642951667583,0.0,0.0,False,0,5,2.028980441852436,0.7287581699346406,1.0901769085267747,1.1619462599854757,1352.642951667583,1008.0,672.0,240.0,325.0,32.0
DEVICE05,设备性能梯度5,device_performance,5,U4,普通设备故障,VF,34fed49cf50d617f,2915.642951667583,2915.642951667583,0.0,0.0,False,4,0,0.0,0.0,0.7441614328207741,0.9876543209876546,1352.642951667583,1008.0,672.0,240.0,325.0,32.0
DEVICE05,设备性能梯度5,device_performance,5,U5,精密设备故障,VF,34fed49cf50d617f,2915.642951667583,2915.642951667583,0.0,0.0,False,3,0,0.0,0.0,0.748872594469981,0.9876543209876546,1352.642951667583,1008.0,672.0,240.0,325.0,32.0
DEVICE05,设备性能梯度5,device_performance,5,U6,隐藏裂缝,VF,34fed49cf50d617f,2830.2391164843593,2915.642951667583,-85.40383518322369,0.02929159591862149,False,0,1,0.22112886657679276,0.22112886657679276,0.9624362826009458,1.0491397481281761,1279.2391164843593,1008.0,672.0,240.0,325.0,44.0
DEVICE05,设备性能梯度5,device_performance,5,U7,复合扰动,VF,34fed49cf50d617f,2830.2391164843593,2915.642951667583,-85.40383518322369,0.02929159591862149,False,4,2,0.5444442553959989,0.3233153888192062,0.8211373868773553,1.071847864182046,1279.2391164843593,1008.0,672.0,240.0,325.0,44.0
DEVICE05,设备性能梯度5,device_performance,5,U0,基准情景,VDF,4aef15b12f6c94d1,2759.642951667583,2759.642951667583,0.0,0.0,True,0,0,0.0,0.0,0.8741738177676022,0.9876543209876546,1352.642951667583,1008.0,576.0,180.0,325.0,32.0
DEVICE05,设备性能梯度5,device_performance,5,U1,普通设备降速,VDF,4aef15b12f6c94d1,2759.642951667583,2759.642951667583,0.0,0.0,False,0,2,0.9346405228758172,0.7287581699346406,0.9697332623645221,1.1619462599854757,1352.642951667583,1008.0,576.0,180.0,325.0,32.0
DEVICE05,设备性能梯度5,device_performance,5,U2,精密设备降速,VDF,4aef15b12f6c94d1,2759.642951667583,2759.642951667583,0.0,0.0,False,0,1,0.6144673145467756,0.6144673145467756,0.9573413923638661,1.1365482921215058,1352.642951667583,1008.0,576.0,180.0,325.0,32.0
DEVICE05,设备性能梯度5,device_performance,5,U3,全设备降速,VDF,4aef15b12f6c94d1,2759.642951667583,2759.642951667583,0.0,0.0,False,0,3,1.2482568189198417,0.7287581699346406,1.0284397856089436,1.1619462599854757,1352.642951667583,1008.0,576.0,180.0,325.0,32.0
DEVICE05,设备性能梯度5,device_performance,5,U4,普通设备故障,VDF,4aef15b12f6c94d1,2759.642951667583,2759.642951667583,0.0,0.0,False,4,0,0.0,0.0,0.7079789403603647,0.9876543209876546,1352.642951667583,1008.0,576.0,180.0,325.0,32.0
DEVICE05,设备性能梯度5,device_performance,5,U5,精密设备故障,VDF,4aef15b12f6c94d1,2759.642951667583,2759.642951667583,0.0,0.0,False,2,0,0.0,0.0,0.7233512461219871,0.9876543209876546,1352.642951667583,1008.0,576.0,180.0,325.0,32.0
DEVICE05,设备性能梯度5,device_performance,5,U6,隐藏裂缝,VDF,4aef15b12f6c94d1,2674.2391164843593,2759.642951667583,-85.40383518322369,0.030947422068357176,False,0,1,0.09599282219434979,0.09599282219434979,0.9128575269319315,1.021331738265411,1279.2391164843593,1008.0,576.0,180.0,325.0,44.0
DEVICE05,设备性能梯度5,device_performance,5,U7,复合扰动,VDF,4aef15b12f6c94d1,2674.2391164843593,2759.642951667583,-85.40383518322369,0.030947422068357176,False,4,2,0.552107017668221,0.4561141954738712,0.7723112489254641,1.1013587101053046,1279.2391164843593,1008.0,576.0,180.0,325.0,44.0
DEVICE05,设备性能梯度5,device_performance,5,U0,基准情景,MG,5eeebb7f450a1cc0,2821.642951667583,2821.642951667583,0.0,0.0,True,0,0,0.0,0.0,0.8820819511691351,0.9876543209876546,1352.642951667583,1056.0,480.0,240.0,275.0,32.0
DEVICE05,设备性能梯度5,device_performance,5,U1,普通设备降速,MG,5eeebb7f450a1cc0,2821.642951667583,2821.642951667583,0.0,0.0,False,0,3,1.2764326602658764,0.7287581699346406,0.9805915022375743,1.1619462599854757,1352.642951667583,1056.0,480.0,240.0,275.0,32.0
DEVICE05,设备性能梯度5,device_performance,5,U2,精密设备降速,MG,5eeebb7f450a1cc0,2821.642951667583,2821.642951667583,0.0,0.0,False,0,1,0.3039724329327722,0.3039724329327722,0.9630472416144633,1.067549429540616,1352.642951667583,1056.0,480.0,240.0,275.0,32.0
DEVICE05,设备性能梯度5,device_performance,5,U3,全设备降速,MG,5eeebb7f450a1cc0,2821.642951667583,2821.642951667583,0.0,0.0,False,0,4,1.297818479496721,0.7287581699346406,1.0377434719636882,1.1619462599854757,1352.642951667583,1056.0,480.0,240.0,275.0,32.0
DEVICE05,设备性能梯度5,device_performance,5,U4,普通设备故障,MG,5eeebb7f450a1cc0,2821.642951667583,2821.642951667583,0.0,0.0,False,5,0,0.0,0.0,0.6991698037566216,0.9876543209876546,1352.642951667583,1056.0,480.0,240.0,275.0,32.0
DEVICE05,设备性能梯度5,device_performance,5,U5,精密设备故障,MG,5eeebb7f450a1cc0,2821.642951667583,2821.642951667583,0.0,0.0,False,2,0,0.0,0.0,0.7290286981143206,0.9876543209876546,1352.642951667583,1056.0,480.0,240.0,275.0,32.0
DEVICE05,设备性能梯度5,device_performance,5,U6,隐藏裂缝,MG,5eeebb7f450a1cc0,2736.2391164843593,2821.642951667583,-85.40383518322369,0.03026741393086261,False,0,1,0.09599282219434979,0.09599282219434979,0.9262440509959052,1.021331738265411,1279.2391164843593,1056.0,480.0,240.0,275.0,44.0
DEVICE05,设备性能梯度5,device_performance,5,U7,复合扰动,MG,5eeebb7f450a1cc0,2736.2391164843593,2821.642951667583,-85.40383518322369,0.03026741393086261,False,5,1,0.09599282219434979,0.09599282219434979,0.7686317150505777,1.021331738265411,1279.2391164843593,1056.0,480.0,240.0,275.0,44.0
DEVICE05,设备性能梯度5,device_performance,5,U0,基准情景,MG-LS,0dbc5ee1f91c78b5,2906.642951667583,2906.642951667583,0.0,0.0,True,0,0,0.0,0.0,0.8812855591418558,0.9876543209876546,1352.642951667583,1056.0,480.0,300.0,250.0,32.0
DEVICE05,设备性能梯度5,device_performance,5,U1,普通设备降速,MG-LS,0dbc5ee1f91c78b5,2906.642951667583,2906.642951667583,0.0,0.0,False,0,3,1.3607565219777866,0.7287581699346406,0.9803572692883746,1.1619462599854757,1352.642951667583,1056.0,480.0,300.0,250.0,32.0
DEVICE05,设备性能梯度5,device_performance,5,U2,精密设备降速,MG-LS,0dbc5ee1f91c78b5,2906.642951667583,2906.642951667583,0.0,0.0,False,0,1,0.19197980409664162,0.19197980409664162,0.9612553595530852,1.0426621786881425,1352.642951667583,1056.0,480.0,300.0,250.0,32.0
DEVICE05,设备性能梯度5,device_performance,5,U3,全设备降速,MG-LS,0dbc5ee1f91c78b5,2906.642951667583,2906.642951667583,0.0,0.0,False,0,3,1.3607565219777866,0.7287581699346406,1.0368065401668891,1.1619462599854757,1352.642951667583,1056.0,480.0,300.0,250.0,32.0
DEVICE05,设备性能梯度5,device_performance,5,U4,普通设备故障,MG-LS,0dbc5ee1f91c78b5,2906.642951667583,2906.642951667583,0.0,0.0,False,5,0,0.0,0.0,0.6951878436202258,0.9876543209876546,1352.642951667583,1056.0,480.0,300.0,250.0,32.0
DEVICE05,设备性能梯度5,device_performance,5,U5,精密设备故障,MG-LS,0dbc5ee1f91c78b5,2906.642951667583,2906.642951667583,0.0,0.0,False,2,0,0.0,0.0,0.7282323060870414,0.9876543209876546,1352.642951667583,1056.0,480.0,300.0,250.0,32.0
DEVICE05,设备性能梯度5,device_performance,5,U6,隐藏裂缝,MG-LS,0dbc5ee1f91c78b5,2821.2391164843593,2906.642951667583,-85.40383518322369,0.029382293113857098,False,0,1,0.09599282219434979,0.09599282219434979,0.9287270271845289,1.021331738265411,1279.2391164843593,1056.0,480.0,300.0,250.0,44.0
DEVICE05,设备性能梯度5,device_performance,5,U7,复合扰动,MG-LS,0dbc5ee1f91c78b5,2821.2391164843593,2906.642951667583,-85.40383518322369,0.029382293113857098,False,5,2,0.17656256393476877,0.09599282219434979,0.782426027209598,1.021331738265411,1279.2391164843593,1056.0,480.0,300.0,250.0,44.0
DEVICE06,设备性能梯度6,device_performance,6,U0,基准情景,VF,b49644d950dd93f3,3094.642951667583,3094.642951667583,0.0,0.0,True,0,0,0.0,0.0,0.8664255391199687,0.9523809523809523,1352.642951667583,1056.0,768.0,300.0,350.0,32.0
DEVICE06,设备性能梯度6,device_performance,6,U1,普通设备降速,VF,b49644d950dd93f3,3094.642951667583,3094.642951667583,0.0,0.0,False,0,2,0.5469183055467361,0.42997198879551934,0.9588199619898792,1.0955493308434487,1352.642951667583,1056.0,768.0,300.0,350.0,32.0
DEVICE06,设备性能梯度6,device_performance,6,U2,精密设备降速,VF,b49644d950dd93f3,3094.642951667583,3094.642951667583,0.0,0.0,False,0,1,0.8571428571428568,0.8571428571428568,0.9521398248342544,1.1904761904761905,1352.642951667583,1056.0,768.0,300.0,350.0,32.0
DEVICE06,设备性能梯度6,device_performance,6,U3,全设备降速,VF,b49644d950dd93f3,3094.642951667583,3094.642951667583,0.0,0.0,False,0,3,1.088935112269425,0.5420168067226889,1.0193241636705515,1.1204481792717087,1352.642951667583,1056.0,768.0,300.0,350.0,32.0
DEVICE06,设备性能梯度6,device_performance,6,U4,普通设备故障,VF,b49644d950dd93f3,3094.642951667583,3094.642951667583,0.0,0.0,False,4,0,0.0,0.0,0.7035185010666861,0.9523809523809523,1352.642951667583,1056.0,768.0,300.0,350.0,32.0
DEVICE06,设备性能梯度6,device_performance,6,U5,精密设备故障,VF,b49644d950dd93f3,3094.642951667583,3094.642951667583,0.0,0.0,False,3,0,0.0,0.0,0.7140445867390163,0.9523809523809523,1352.642951667583,1056.0,768.0,300.0,350.0,32.0
DEVICE06,设备性能梯度6,device_performance,6,U6,隐藏裂缝,VF,b49644d950dd93f3,3009.2391164843593,3094.642951667583,-85.40383518322369,0.027597314623065927,False,0,1,0.07798615708910184,0.07798615708910184,0.8970991765655576,1.0173302571309115,1279.2391164843593,1056.0,768.0,300.0,350.0,44.0
DEVICE06,设备性能梯度6,device_performance,6,U7,复合扰动,VF,b49644d950dd93f3,3009.2391164843593,3094.642951667583,-85.40383518322369,0.027597314623065927,False,4,1,0.5866512856545585,0.5866512856545585,0.7737306944908457,1.1303669523676796,1279.2391164843593,1056.0,768.0,300.0,350.0,44.0
DEVICE06,设备性能梯度6,device_performance,6,U0,基准情景,VDF,2006b46d24982966,2770.642951667583,2770.642951667583,0.0,0.0,True,0,0,0.0,0.0,0.8201097897412468,0.9874210579748852,1352.642951667583,1200.0,480.0,120.0,350.0,32.0
DEVICE06,设备性能梯度6,device_performance,6,U1,普通设备降速,VDF,2006b46d24982966,2770.642951667583,2770.642951667583,0.0,0.0,False,0,3,1.8664014865523848,0.727523248102333,0.9225524663182629,1.1616718329116296,1352.642951667583,1200.0,480.0,120.0,350.0,32.0
DEVICE06,设备性能梯度6,device_performance,6,U2,精密设备降速,VDF,2006b46d24982966,2770.642951667583,2770.642951667583,0.0,0.0,False,0,1,0.3042384844131041,0.3042384844131041,0.8800101120257858,1.0676085520918008,1352.642951667583,1200.0,480.0,120.0,350.0,32.0
DEVICE06,设备性能梯度6,device_performance,6,U3,全设备降速,VDF,2006b46d24982966,2770.642951667583,2770.642951667583,0.0,0.0,False,0,4,1.8880377071764824,0.727523248102333,0.964835046754408,1.1616718329116296,1352.642951667583,1200.0,480.0,120.0,350.0,32.0
DEVICE06,设备性能梯度6,device_performance,6,U4,普通设备故障,VDF,2006b46d24982966,2770.642951667583,2770.642951667583,0.0,0.0,False,5,0,0.0,0.0,0.6226255781462697,0.9839045138236341,1352.642951667583,1200.0,480.0,120.0,350.0,32.0
DEVICE06,设备性能梯度6,device_performance,6,U5,精密设备故障,VDF,2006b46d24982966,2770.642951667583,2770.642951667583,0.0,0.0,False,1,0,0.0,0.0,0.7513258689377782,0.9874210579748852,1352.642951667583,1200.0,480.0,120.0,350.0,32.0
DEVICE06,设备性能梯度6,device_performance,6,U6,隐藏裂缝,VDF,2006b46d24982966,2685.2391164843593,2770.642951667583,-85.40383518322369,0.030824554687503558,True,0,0,0.0,0.0,0.8560822486644254,0.9947338658580477,1279.2391164843593,1200.0,480.0,120.0,350.0,44.0
DEVICE06,设备性能梯度6,device_performance,6,U7,复合扰动,VDF,2006b46d24982966,2685.2391164843593,2770.642951667583,-85.40383518322369,0.030824554687503558,False,5,1,0.47366932929023964,0.47366932929023964,0.6883458919555683,1.1052598509533866,1279.2391164843593,1200.0,480.0,120.0,350.0,44.0
DEVICE06,设备性能梯度6,device_performance,6,U0,基准情景,MG,f895c7c4e45836f7,2520.642951667583,2520.642951667583,0.0,0.0,True,0,0,0.0,0.0,0.557536504107887,0.9839045138236341,1352.642951667583,1200.0,0.0,0.0,0.0,32.0
DEVICE06,设备性能梯度6,device_performance,6,U1,普通设备降速,MG,f895c7c4e45836f7,2520.642951667583,2520.642951667583,0.0,0.0,False,0,3,1.2583192263852458,0.7089062496545324,0.6559252989504554,1.1575347221454517,1352.642951667583,1200.0,0.0,0.0,0.0,32.0
DEVICE06,设备性能梯度6,device_performance,6,U2,精密设备降速,MG,f895c7c4e45836f7,2520.642951667583,2520.642951667583,0.0,0.0,True,0,0,0.0,0.0,0.557536504107887,0.9839045138236341,1352.642951667583,1200.0,0.0,0.0,0.0,32.0
DEVICE06,设备性能梯度6,device_performance,6,U3,全设备降速,MG,f895c7c4e45836f7,2520.642951667583,2520.642951667583,0.0,0.0,False,0,3,1.2583192263852458,0.7089062496545324,0.6559252989504554,1.1575347221454517,1352.642951667583,1200.0,0.0,0.0,0.0,32.0
DEVICE06,设备性能梯度6,device_performance,6,U4,普通设备故障,MG,f895c7c4e45836f7,2520.642951667583,2520.642951667583,0.0,0.0,False,5,0,0.0,0.0,0.38302428900811303,0.9839045138236341,1352.642951667583,1200.0,0.0,0.0,0.0,32.0
DEVICE06,设备性能梯度6,device_performance,6,U5,精密设备故障,MG,f895c7c4e45836f7,2520.642951667583,2520.642951667583,0.0,0.0,True,0,0,0.0,0.0,0.557536504107887,0.9839045138236341,1352.642951667583,1200.0,0.0,0.0,0.0,32.0
DEVICE06,设备性能梯度6,device_performance,6,U6,隐藏裂缝,MG,f895c7c4e45836f7,2435.2391164843593,2520.642951667583,-85.40383518322369,0.03388176620838863,True,0,0,0.0,0.0,0.5878830820636813,0.9942534265882715,1279.2391164843593,1200.0,0.0,0.0,0.0,44.0
DEVICE06,设备性能梯度6,device_performance,6,U7,复合扰动,MG,f895c7c4e45836f7,2435.2391164843593,2520.642951667583,-85.40383518322369,0.03388176620838863,False,5,0,0.0,0.0,0.3908673430943702,0.9942534265882715,1279.2391164843593,1200.0,0.0,0.0,0.0,44.0
DEVICE06,设备性能梯度6,device_performance,6,U0,基准情景,MG-LS,f895c7c4e45836f7,2520.642951667583,2520.642951667583,0.0,0.0,True,0,0,0.0,0.0,0.557536504107887,0.9839045138236341,1352.642951667583,1200.0,0.0,0.0,0.0,32.0
DEVICE06,设备性能梯度6,device_performance,6,U1,普通设备降速,MG-LS,f895c7c4e45836f7,2520.642951667583,2520.642951667583,0.0,0.0,False,0,3,1.2583192263852458,0.7089062496545324,0.6559252989504554,1.1575347221454517,1352.642951667583,1200.0,0.0,0.0,0.0,32.0
DEVICE06,设备性能梯度6,device_performance,6,U2,精密设备降速,MG-LS,f895c7c4e45836f7,2520.642951667583,2520.642951667583,0.0,0.0,True,0,0,0.0,0.0,0.557536504107887,0.9839045138236341,1352.642951667583,1200.0,0.0,0.0,0.0,32.0
DEVICE06,设备性能梯度6,device_performance,6,U3,全设备降速,MG-LS,f895c7c4e45836f7,2520.642951667583,2520.642951667583,0.0,0.0,False,0,3,1.2583192263852458,0.7089062496545324,0.6559252989504554,1.1575347221454517,1352.642951667583,1200.0,0.0,0.0,0.0,32.0
DEVICE06,设备性能梯度6,device_performance,6,U4,普通设备故障,MG-LS,f895c7c4e45836f7,2520.642951667583,2520.642951667583,0.0,0.0,False,5,0,0.0,0.0,0.38302428900811303,0.9839045138236341,1352.642951667583,1200.0,0.0,0.0,0.0,32.0
DEVICE06,设备性能梯度6,device_performance,6,U5,精密设备故障,MG-LS,f895c7c4e45836f7,2520.642951667583,2520.642951667583,0.0,0.0,True,0,0,0.0,0.0,0.557536504107887,0.9839045138236341,1352.642951667583,1200.0,0.0,0.0,0.0,32.0
DEVICE06,设备性能梯度6,device_performance,6,U6,隐藏裂缝,MG-LS,f895c7c4e45836f7,2435.2391164843593,2520.642951667583,-85.40383518322369,0.03388176620838863,True,0,0,0.0,0.0,0.5878830820636813,0.9942534265882715,1279.2391164843593,1200.0,0.0,0.0,0.0,44.0
DEVICE06,设备性能梯度6,device_performance,6,U7,复合扰动,MG-LS,f895c7c4e45836f7,2435.2391164843593,2520.642951667583,-85.40383518322369,0.03388176620838863,False,5,0,0.0,0.0,0.3908673430943702,0.9942534265882715,1279.2391164843593,1200.0,0.0,0.0,0.0,44.0
TIME01,加工时间梯度1,deadline,1,U0,基准情景,VF,fdd4813b3cea9ba1,1723.642951667583,1723.642951667583,0.0,0.0,True,0,0,0.0,0.0,0.8011904761904761,1.0,1352.642951667583,336.0,192.0,0.0,125.0,32.0
TIME01,加工时间梯度1,deadline,1,U1,普通设备降速,VF,fdd4813b3cea9ba1,1723.642951667583,1723.642951667583,0.0,0.0,False,0,1,0.42352941176470615,0.42352941176470615,0.8911064425770308,1.1764705882352942,1352.642951667583,336.0,192.0,0.0,125.0,32.0
TIME01,加工时间梯度1,deadline,1,U2,精密设备降速,VF,fdd4813b3cea9ba1,1723.642951667583,1723.642951667583,0.0,0.0,False,0,1,0.10000000000000009,0.10000000000000009,0.8741071428571429,1.0416666666666667,1352.642951667583,336.0,192.0,0.0,125.0,32.0
TIME01,加工时间梯度1,deadline,1,U3,全设备降速,VF,fdd4813b3cea9ba1,1723.642951667583,1723.642951667583,0.0,0.0,False,0,1,0.42352941176470615,0.42352941176470615,0.9425770308123249,1.1764705882352942,1352.642951667583,336.0,192.0,0.0,125.0,32.0
TIME01,加工时间梯度1,deadline,1,U4,普通设备故障,VF,fdd4813b3cea9ba1,1723.642951667583,1723.642951667583,0.0,0.0,False,2,0,0.0,0.0,0.6011904761904762,0.8333333333333334,1352.642951667583,336.0,192.0,0.0,125.0,32.0
TIME01,加工时间梯度1,deadline,1,U5,精密设备故障,VF,fdd4813b3cea9ba1,1723.642951667583,1723.642951667583,0.0,0.0,False,1,0,0.0,0.0,0.6345238095238095,1.0,1352.642951667583,336.0,192.0,0.0,125.0,32.0
TIME01,加工时间梯度1,deadline,1,U6,隐藏裂缝,VF,fdd4813b3cea9ba1,1638.2391164843593,1723.642951667583,-85.40383518322369,0.04954844917307122,True,0,0,0.0,0.0,0.8201340234092143,1.0,1279.2391164843593,336.0,192.0,0.0,125.0,44.0
TIME01,加工时间梯度1,deadline,1,U7,复合扰动,VF,fdd4813b3cea9ba1,1638.2391164843593,1723.642951667583,-85.40383518322369,0.04954844917307122,False,2,0,0.0,0.0,0.6525414308166215,0.9280510694270239,1279.2391164843593,336.0,192.0,0.0,125.0,44.0
TIME01,加工时间梯度1,deadline,1,U0,基准情景,VDF,fb08c61e664a409b,1673.642951667583,1673.642951667583,0.0,0.0,True,0,0,0.0,0.0,0.8011904761904761,1.0,1352.642951667583,336.0,192.0,0.0,175.0,32.0
TIME01,加工时间梯度1,deadline,1,U1,普通设备降速,VDF,fb08c61e664a409b,1673.642951667583,1673.642951667583,0.0,0.0,False,0,1,0.42352941176470615,0.42352941176470615,0.8911064425770308,1.1764705882352942,1352.642951667583,336.0,192.0,0.0,175.0,32.0
TIME01,加工时间梯度1,deadline,1,U2,精密设备降速,VDF,fb08c61e664a409b,1673.642951667583,1673.642951667583,0.0,0.0,False,0,1,0.10000000000000009,0.10000000000000009,0.8741071428571429,1.0416666666666667,1352.642951667583,336.0,192.0,0.0,175.0,32.0
TIME01,加工时间梯度1,deadline,1,U3,全设备降速,VDF,fb08c61e664a409b,1673.642951667583,1673.642951667583,0.0,0.0,False,0,1,0.42352941176470615,0.42352941176470615,0.9425770308123249,1.1764705882352942,1352.642951667583,336.0,192.0,0.0,175.0,32.0
TIME01,加工时间梯度1,deadline,1,U4,普通设备故障,VDF,fb08c61e664a409b,1673.642951667583,1673.642951667583,0.0,0.0,False,2,0,0.0,0.0,0.6011904761904762,0.8333333333333334,1352.642951667583,336.0,192.0,0.0,175.0,32.0
TIME01,加工时间梯度1,deadline,1,U5,精密设备故障,VDF,fb08c61e664a409b,1673.642951667583,1673.642951667583,0.0,0.0,False,1,0,0.0,0.0,0.6345238095238095,1.0,1352.642951667583,336.0,192.0,0.0,175.0,32.0
TIME01,加工时间梯度1,deadline,1,U6,隐藏裂缝,VDF,fb08c61e664a409b,1588.2391164843593,1673.642951667583,-85.40383518322369,0.05102870662952877,True,0,0,0.0,0.0,0.8255464654717108,1.0,1279.2391164843593,336.0,192.0,0.0,175.0,44.0
TIME01,加工时间梯度1,deadline,1,U7,复合扰动,VDF,fb08c61e664a409b,1588.2391164843593,1673.642951667583,-85.40383518322369,0.05102870662952877,False,2,0,0.0,0.0,0.6579538728791183,0.9259259259259258,1279.2391164843593,336.0,192.0,0.0,175.0,44.0
TIME01,加工时间梯度1,deadline,1,U0,基准情景,MG,2d09929350e09982,1833.642951667583,1833.642951667583,0.0,0.0,True,0,0,0.0,0.0,0.8011904761904761,1.0,1352.642951667583,336.0,192.0,60.0,75.0,32.0
TIME01,加工时间梯度1,deadline,1,U1,普通设备降速,MG,2d09929350e09982,1833.642951667583,1833.642951667583,0.0,0.0,False,0,1,0.42352941176470615,0.42352941176470615,0.8911064425770308,1.1764705882352942,1352.642951667583,336.0,192.0,60.0,75.0,32.0
TIME01,加工时间梯度1,deadline,1,U2,精密设备降速,MG,2d09929350e09982,1833.642951667583,1833.642951667583,0.0,0.0,False,0,1,0.10000000000000009,0.10000000000000009,0.8741071428571429,1.0416666666666667,1352.642951667583,336.0,192.0,60.0,75.0,32.0
TIME01,加工时间梯度1,deadline,1,U3,全设备降速,MG,2d09929350e09982,1833.642951667583,1833.642951667583,0.0,0.0,False,0,1,0.42352941176470615,0.42352941176470615,0.9425770308123249,1.1764705882352942,1352.642951667583,336.0,192.0,60.0,75.0,32.0
TIME01,加工时间梯度1,deadline,1,U4,普通设备故障,MG,2d09929350e09982,1833.642951667583,1833.642951667583,0.0,0.0,False,2,0,0.0,0.0,0.6011904761904762,0.8333333333333334,1352.642951667583,336.0,192.0,60.0,75.0,32.0
TIME01,加工时间梯度1,deadline,1,U5,精密设备故障,MG,2d09929350e09982,1833.642951667583,1833.642951667583,0.0,0.0,False,1,0,0.0,0.0,0.6345238095238095,1.0,1352.642951667583,336.0,192.0,60.0,75.0,32.0
TIME01,加工时间梯度1,deadline,1,U6,隐藏裂缝,MG,2d09929350e09982,1748.2391164843593,1833.642951667583,-85.40383518322369,0.046576044210545064,True,0,0,0.0,0.0,0.8255464654717108,1.0,1279.2391164843593,336.0,192.0,60.0,75.0,44.0
TIME01,加工时间梯度1,deadline,1,U7,复合扰动,MG,2d09929350e09982,1748.2391164843593,1833.642951667583,-85.40383518322369,0.046576044210545064,False,2,0,0.0,0.0,0.6579538728791183,0.9259259259259258,1279.2391164843593,336.0,192.0,60.0,75.0,44.0
TIME01,加工时间梯度1,deadline,1,U0,基准情景,MG-LS,2d09929350e09982,1833.642951667583,1833.642951667583,0.0,0.0,True,0,0,0.0,0.0,0.8011904761904761,1.0,1352.642951667583,336.0,192.0,60.0,75.0,32.0
TIME01,加工时间梯度1,deadline,1,U1,普通设备降速,MG-LS,2d09929350e09982,1833.642951667583,1833.642951667583,0.0,0.0,False,0,1,0.42352941176470615,0.42352941176470615,0.8911064425770308,1.1764705882352942,1352.642951667583,336.0,192.0,60.0,75.0,32.0
TIME01,加工时间梯度1,deadline,1,U2,精密设备降速,MG-LS,2d09929350e09982,1833.642951667583,1833.642951667583,0.0,0.0,False,0,1,0.10000000000000009,0.10000000000000009,0.8741071428571429,1.0416666666666667,1352.642951667583,336.0,192.0,60.0,75.0,32.0
TIME01,加工时间梯度1,deadline,1,U3,全设备降速,MG-LS,2d09929350e09982,1833.642951667583,1833.642951667583,0.0,0.0,False,0,1,0.42352941176470615,0.42352941176470615,0.9425770308123249,1.1764705882352942,1352.642951667583,336.0,192.0,60.0,75.0,32.0
TIME01,加工时间梯度1,deadline,1,U4,普通设备故障,MG-LS,2d09929350e09982,1833.642951667583,1833.642951667583,0.0,0.0,False,2,0,0.0,0.0,0.6011904761904762,0.8333333333333334,1352.642951667583,336.0,192.0,60.0,75.0,32.0
TIME01,加工时间梯度1,deadline,1,U5,精密设备故障,MG-LS,2d09929350e09982,1833.642951667583,1833.642951667583,0.0,0.0,False,1,0,0.0,0.0,0.6345238095238095,1.0,1352.642951667583,336.0,192.0,60.0,75.0,32.0
TIME01,加工时间梯度1,deadline,1,U6,隐藏裂缝,MG-LS,2d09929350e09982,1748.2391164843593,1833.642951667583,-85.40383518322369,0.046576044210545064,True,0,0,0.0,0.0,0.8255464654717108,1.0,1279.2391164843593,336.0,192.0,60.0,75.0,44.0
TIME01,加工时间梯度1,deadline,1,U7,复合扰动,MG-LS,2d09929350e09982,1748.2391164843593,1833.642951667583,-85.40383518322369,0.046576044210545064,False,2,0,0.0,0.0,0.6579538728791183,0.9259259259259258,1279.2391164843593,336.0,192.0,60.0,75.0,44.0
TIME02,加工时间梯度2,deadline,2,U0,基准情景,VF,7db640edab8fb4ae,1950.642951667583,1950.642951667583,0.0,0.0,True,0,0,0.0,0.0,0.7898809523809524,0.9375,1352.642951667583,432.0,288.0,60.0,150.0,32.0
TIME02,加工时间梯度2,deadline,2,U1,普通设备降速,VF,7db640edab8fb4ae,1950.642951667583,1950.642951667583,0.0,0.0,True,0,0,0.0,0.0,0.874124649859944,0.9803921568627451,1352.642951667583,432.0,288.0,60.0,150.0,32.0
TIME02,加工时间梯度2,deadline,2,U2,精密设备降速,VF,7db640edab8fb4ae,1950.642951667583,1950.642951667583,0.0,0.0,False,0,1,0.5499999999999998,0.5499999999999998,0.8680059523809524,1.171875,1352.642951667583,432.0,288.0,60.0,150.0,32.0
TIME02,加工时间梯度2,deadline,2,U3,全设备降速,VF,7db640edab8fb4ae,1950.642951667583,1950.642951667583,0.0,0.0,False,0,1,0.32941176470588207,0.32941176470588207,0.9292717086834733,1.102941176470588,1352.642951667583,432.0,288.0,60.0,150.0,32.0
TIME02,加工时间梯度2,deadline,2,U4,普通设备故障,VF,7db640edab8fb4ae,1950.642951667583,1950.642951667583,0.0,0.0,False,2,0,0.0,0.0,0.6398809523809523,0.9375,1352.642951667583,432.0,288.0,60.0,150.0,32.0
TIME02,加工时间梯度2,deadline,2,U5,精密设备故障,VF,7db640edab8fb4ae,1950.642951667583,1950.642951667583,0.0,0.0,False,1,0,0.0,0.0,0.6648809523809524,0.9375,1352.642951667583,432.0,288.0,60.0,150.0,32.0
TIME02,加工时间梯度2,deadline,2,U6,隐藏裂缝,VF,7db640edab8fb4ae,1865.2391164843593,1950.642951667583,-85.40383518322369,0.043782402674058266,True,0,0,0.0,0.0,0.8112196604968889,0.9375,1279.2391164843593,432.0,288.0,60.0,150.0,44.0
TIME02,加工时间梯度2,deadline,2,U7,复合扰动,VF,7db640edab8fb4ae,1865.2391164843593,1950.642951667583,-85.40383518322369,0.043782402674058266,False,2,1,0.13333333333333286,0.13333333333333286,0.6888108350172281,1.0416666666666665,1279.2391164843593,432.0,288.0,60.0,150.0,44.0
TIME02,加工时间梯度2,deadline,2,U0,基准情景,VDF,323b68a420b1b87b,1765.642951667583,1765.642951667583,0.0,0.0,True,0,0,0.0,0.0,0.7898809523809524,0.9375,1352.642951667583,432.0,288.0,0.0,275.0,32.0
TIME02,加工时间梯度2,deadline,2,U1,普通设备降速,VDF,323b68a420b1b87b,1765.642951667583,1765.642951667583,0.0,0.0,True,0,0,0.0,0.0,0.874124649859944,0.9803921568627451,1352.642951667583,432.0,288.0,0.0,275.0,32.0
TIME02,加工时间梯度2,deadline,2,U2,精密设备降速,VDF,323b68a420b1b87b,1765.642951667583,1765.642951667583,0.0,0.0,False,0,1,0.5499999999999998,0.5499999999999998,0.8680059523809524,1.171875,1352.642951667583,432.0,288.0,0.0,275.0,32.0
TIME02,加工时间梯度2,deadline,2,U3,全设备降速,VDF,323b68a420b1b87b,1765.642951667583,1765.642951667583,0.0,0.0,False,0,1,0.32941176470588207,0.32941176470588207,0.9292717086834733,1.102941176470588,1352.642951667583,432.0,288.0,0.0,275.0,32.0
TIME02,加工时间梯度2,deadline,2,U4,普通设备故障,VDF,323b68a420b1b87b,1765.642951667583,1765.642951667583,0.0,0.0,False,2,0,0.0,0.0,0.6398809523809523,0.9375,1352.642951667583,432.0,288.0,0.0,275.0,32.0
TIME02,加工时间梯度2,deadline,2,U5,精密设备故障,VDF,323b68a420b1b87b,1765.642951667583,1765.642951667583,0.0,0.0,False,1,0,0.0,0.0,0.6648809523809524,0.9375,1352.642951667583,432.0,288.0,0.0,275.0,32.0
TIME02,加工时间梯度2,deadline,2,U6,隐藏裂缝,VDF,323b68a420b1b87b,1680.2391164843593,1765.642951667583,-85.40383518322369,0.048369821940819346,True,0,0,0.0,0.0,0.8159736922981441,0.9375,1279.2391164843593,432.0,288.0,0.0,275.0,44.0
TIME02,加工时间梯度2,deadline,2,U7,复合扰动,VDF,323b68a420b1b87b,1680.2391164843593,1765.642951667583,-85.40383518322369,0.048369821940819346,False,2,1,0.13333333333333286,0.13333333333333286,0.702016478909604,1.0416666666666665,1279.2391164843593,432.0,288.0,0.0,275.0,44.0
TIME02,加工时间梯度2,deadline,2,U0,基准情景,MG,eb44a01faae7476c,2060.642951667583,2060.642951667583,0.0,0.0,True,0,0,0.0,0.0,0.7898809523809524,0.9375,1352.642951667583,432.0,288.0,120.0,100.0,32.0
TIME02,加工时间梯度2,deadline,2,U1,普通设备降速,MG,eb44a01faae7476c,2060.642951667583,2060.642951667583,0.0,0.0,True,0,0,0.0,0.0,0.874124649859944,0.9803921568627451,1352.642951667583,432.0,288.0,120.0,100.0,32.0
TIME02,加工时间梯度2,deadline,2,U2,精密设备降速,MG,eb44a01faae7476c,2060.642951667583,2060.642951667583,0.0,0.0,False,0,1,0.5499999999999998,0.5499999999999998,0.8680059523809524,1.171875,1352.642951667583,432.0,288.0,120.0,100.0,32.0
TIME02,加工时间梯度2,deadline,2,U3,全设备降速,MG,eb44a01faae7476c,2060.642951667583,2060.642951667583,0.0,0.0,False,0,1,0.32941176470588207,0.32941176470588207,0.9292717086834733,1.102941176470588,1352.642951667583,432.0,288.0,120.0,100.0,32.0
TIME02,加工时间梯度2,deadline,2,U4,普通设备故障,MG,eb44a01faae7476c,2060.642951667583,2060.642951667583,0.0,0.0,False,2,0,0.0,0.0,0.6398809523809523,0.9375,1352.642951667583,432.0,288.0,120.0,100.0,32.0
TIME02,加工时间梯度2,deadline,2,U5,精密设备故障,MG,eb44a01faae7476c,2060.642951667583,2060.642951667583,0.0,0.0,False,1,0,0.0,0.0,0.6648809523809524,0.9375,1352.642951667583,432.0,288.0,120.0,100.0,32.0
TIME02,加工时间梯度2,deadline,2,U6,隐藏裂缝,MG,eb44a01faae7476c,1975.2391164843593,2060.642951667583,-85.40383518322369,0.04144523684421424,True,0,0,0.0,0.0,0.804088612795006,0.9375,1279.2391164843593,432.0,288.0,120.0,100.0,44.0
TIME02,加工时间梯度2,deadline,2,U7,复合扰动,MG,eb44a01faae7476c,1975.2391164843593,2060.642951667583,-85.40383518322369,0.04144523684421424,False,2,1,0.13333333333333286,0.13333333333333286,0.6888108350172281,1.0416666666666665,1279.2391164843593,432.0,288.0,120.0,100.0,44.0
TIME02,加工时间梯度2,deadline,2,U0,基准情景,MG-LS,eb44a01faae7476c,2060.642951667583,2060.642951667583,0.0,0.0,True,0,0,0.0,0.0,0.7898809523809524,0.9375,1352.642951667583,432.0,288.0,120.0,100.0,32.0
TIME02,加工时间梯度2,deadline,2,U1,普通设备降速,MG-LS,eb44a01faae7476c,2060.642951667583,2060.642951667583,0.0,0.0,True,0,0,0.0,0.0,0.874124649859944,0.9803921568627451,1352.642951667583,432.0,288.0,120.0,100.0,32.0
TIME02,加工时间梯度2,deadline,2,U2,精密设备降速,MG-LS,eb44a01faae7476c,2060.642951667583,2060.642951667583,0.0,0.0,False,0,1,0.5499999999999998,0.5499999999999998,0.8680059523809524,1.171875,1352.642951667583,432.0,288.0,120.0,100.0,32.0
TIME02,加工时间梯度2,deadline,2,U3,全设备降速,MG-LS,eb44a01faae7476c,2060.642951667583,2060.642951667583,0.0,0.0,False,0,1,0.32941176470588207,0.32941176470588207,0.9292717086834733,1.102941176470588,1352.642951667583,432.0,288.0,120.0,100.0,32.0
TIME02,加工时间梯度2,deadline,2,U4,普通设备故障,MG-LS,eb44a01faae7476c,2060.642951667583,2060.642951667583,0.0,0.0,False,2,0,0.0,0.0,0.6398809523809523,0.9375,1352.642951667583,432.0,288.0,120.0,100.0,32.0
TIME02,加工时间梯度2,deadline,2,U5,精密设备故障,MG-LS,eb44a01faae7476c,2060.642951667583,2060.642951667583,0.0,0.0,False,1,0,0.0,0.0,0.6648809523809524,0.9375,1352.642951667583,432.0,288.0,120.0,100.0,32.0
TIME02,加工时间梯度2,deadline,2,U6,隐藏裂缝,MG-LS,eb44a01faae7476c,1975.2391164843593,2060.642951667583,-85.40383518322369,0.04144523684421424,True,0,0,0.0,0.0,0.804088612795006,0.9375,1279.2391164843593,432.0,288.0,120.0,100.0,44.0
TIME02,加工时间梯度2,deadline,2,U7,复合扰动,MG-LS,eb44a01faae7476c,1975.2391164843593,2060.642951667583,-85.40383518322369,0.04144523684421424,False,2,1,0.13333333333333286,0.13333333333333286,0.6888108350172281,1.0416666666666665,1279.2391164843593,432.0,288.0,120.0,100.0,44.0
TIME03,加工时间梯度3,deadline,3,U0,基准情景,VF,f8eb54521e8afdba,2248.642951667583,2248.642951667583,0.0,0.0,True,0,0,0.0,0.0,0.9014285714285715,1.0,1352.642951667583,624.0,384.0,120.0,200.0,32.0
TIME03,加工时间梯度3,deadline,3,U1,普通设备降速,VF,f8eb54521e8afdba,2248.642951667583,2248.642951667583,0.0,0.0,False,0,3,0.9747899159663866,0.7058823529411766,0.9987394957983193,1.1764705882352942,1352.642951667583,624.0,384.0,120.0,200.0,32.0
TIME03,加工时间梯度3,deadline,3,U2,精密设备降速,VF,f8eb54521e8afdba,2248.642951667583,2248.642951667583,0.0,0.0,False,0,1,1.0,1.0,0.9889285714285714,1.25,1352.642951667583,624.0,384.0,120.0,200.0,32.0
TIME03,加工时间梯度3,deadline,3,U3,全设备降速,VF,f8eb54521e8afdba,2248.642951667583,2248.642951667583,0.0,0.0,False,0,4,1.6806722689075633,0.7058823529411766,1.0605042016806723,1.1764705882352942,1352.642951667583,624.0,384.0,120.0,200.0,32.0
TIME03,加工时间梯度3,deadline,3,U4,普通设备故障,VF,f8eb54521e8afdba,2248.642951667583,2248.642951667583,0.0,0.0,False,3,0,0.0,0.0,0.7214285714285713,1.0,1352.642951667583,624.0,384.0,120.0,200.0,32.0
TIME03,加工时间梯度3,deadline,3,U5,精密设备故障,VF,f8eb54521e8afdba,2248.642951667583,2248.642951667583,0.0,0.0,False,2,0,0.0,0.0,0.7014285714285714,0.9999999999999999,1352.642951667583,624.0,384.0,120.0,200.0,32.0
TIME03,加工时间梯度3,deadline,3,U6,隐藏裂缝,VF,f8eb54521e8afdba,2163.2391164843593,2248.642951667583,-85.40383518322369,0.03798016715810245,False,0,1,0.6819676998745718,0.6819676998745718,0.9396018408233759,1.170491924968643,1279.2391164843593,624.0,384.0,120.0,200.0,44.0
TIME03,加工时间梯度3,deadline,3,U7,复合扰动,VF,f8eb54521e8afdba,2163.2391164843593,2248.642951667583,-85.40383518322369,0.03798016715810245,False,3,1,1.2021863331939677,1.2021863331939677,0.8022794391560124,1.300546583298492,1279.2391164843593,624.0,384.0,120.0,200.0,44.0
TIME03,加工时间梯度3,deadline,3,U0,基准情景,VDF,aa302a1f520c9e59,2223.642951667583,2223.642951667583,0.0,0.0,True,0,0,0.0,0.0,0.9014285714285715,1.0,1352.642951667583,624.0,384.0,120.0,225.0,32.0
TIME03,加工时间梯度3,deadline,3,U1,普通设备降速,VDF,aa302a1f520c9e59,2223.642951667583,2223.642951667583,0.0,0.0,False,0,3,0.9747899159663866,0.7058823529411766,0.9987394957983193,1.1764705882352942,1352.642951667583,624.0,384.0,120.0,225.0,32.0
TIME03,加工时间梯度3,deadline,3,U2,精密设备降速,VDF,aa302a1f520c9e59,2223.642951667583,2223.642951667583,0.0,0.0,False,0,1,1.0,1.0,0.9889285714285714,1.25,1352.642951667583,624.0,384.0,120.0,225.0,32.0
TIME03,加工时间梯度3,deadline,3,U3,全设备降速,VDF,aa302a1f520c9e59,2223.642951667583,2223.642951667583,0.0,0.0,False,0,4,1.6806722689075633,0.7058823529411766,1.0605042016806723,1.1764705882352942,1352.642951667583,624.0,384.0,120.0,225.0,32.0
TIME03,加工时间梯度3,deadline,3,U4,普通设备故障,VDF,aa302a1f520c9e59,2223.642951667583,2223.642951667583,0.0,0.0,False,3,0,0.0,0.0,0.7214285714285713,1.0,1352.642951667583,624.0,384.0,120.0,225.0,32.0
TIME03,加工时间梯度3,deadline,3,U5,精密设备故障,VDF,aa302a1f520c9e59,2223.642951667583,2223.642951667583,0.0,0.0,False,2,0,0.0,0.0,0.7014285714285714,0.9999999999999999,1352.642951667583,624.0,384.0,120.0,225.0,32.0
TIME03,加工时间梯度3,deadline,3,U6,隐藏裂缝,VDF,aa302a1f520c9e59,2138.2391164843593,2223.642951667583,-85.40383518322369,0.03840717104298446,False,0,1,0.22732256662485728,0.22732256662485728,0.9199257474616973,1.0568306416562143,1279.2391164843593,624.0,384.0,120.0,225.0,44.0
TIME03,加工时间梯度3,deadline,3,U7,复合扰动,VDF,aa302a1f520c9e59,2138.2391164843593,2223.642951667583,-85.40383518322369,0.03840717104298446,False,3,2,0.671767011069301,0.44444444444444375,0.7796069749841287,1.111111111111111,1279.2391164843593,624.0,384.0,120.0,225.0,44.0
TIME03,加工时间梯度3,deadline,3,U0,基准情景,MG,bbaddddddeff3bde,2383.642951667583,2383.642951667583,0.0,0.0,True,0,0,0.0,0.0,0.9014285714285715,1.0,1352.642951667583,624.0,384.0,180.0,125.0,32.0
TIME03,加工时间梯度3,deadline,3,U1,普通设备降速,MG,bbaddddddeff3bde,2383.642951667583,2383.642951667583,0.0,0.0,False,0,3,0.9747899159663866,0.7058823529411766,0.9987394957983193,1.1764705882352942,1352.642951667583,624.0,384.0,180.0,125.0,32.0
TIME03,加工时间梯度3,deadline,3,U2,精密设备降速,MG,bbaddddddeff3bde,2383.642951667583,2383.642951667583,0.0,0.0,False,0,1,1.0,1.0,0.9889285714285714,1.25,1352.642951667583,624.0,384.0,180.0,125.0,32.0
TIME03,加工时间梯度3,deadline,3,U3,全设备降速,MG,bbaddddddeff3bde,2383.642951667583,2383.642951667583,0.0,0.0,False,0,4,1.6806722689075633,0.7058823529411766,1.0605042016806723,1.1764705882352942,1352.642951667583,624.0,384.0,180.0,125.0,32.0
TIME03,加工时间梯度3,deadline,3,U4,普通设备故障,MG,bbaddddddeff3bde,2383.642951667583,2383.642951667583,0.0,0.0,False,3,0,0.0,0.0,0.7214285714285713,1.0,1352.642951667583,624.0,384.0,180.0,125.0,32.0
TIME03,加工时间梯度3,deadline,3,U5,精密设备故障,MG,bbaddddddeff3bde,2383.642951667583,2383.642951667583,0.0,0.0,False,2,0,0.0,0.0,0.7014285714285714,0.9999999999999999,1352.642951667583,624.0,384.0,180.0,125.0,32.0
TIME03,加工时间梯度3,deadline,3,U6,隐藏裂缝,MG,bbaddddddeff3bde,2298.2391164843593,2383.642951667583,-85.40383518322369,0.035829122446159836,False,0,1,0.22732256662485728,0.22732256662485728,0.9184995379213206,1.0568306416562143,1279.2391164843593,624.0,384.0,180.0,125.0,44.0
TIME03,加工时间梯度3,deadline,3,U7,复合扰动,MG,bbaddddddeff3bde,2298.2391164843593,2383.642951667583,-85.40383518322369,0.035829122446159836,False,3,2,0.671767011069301,0.44444444444444375,0.7716835886487031,1.111111111111111,1279.2391164843593,624.0,384.0,180.0,125.0,44.0
TIME03,加工时间梯度3,deadline,3,U0,基准情景,MG-LS,bbaddddddeff3bde,2383.642951667583,2383.642951667583,0.0,0.0,True,0,0,0.0,0.0,0.9014285714285715,1.0,1352.642951667583,624.0,384.0,180.0,125.0,32.0
TIME03,加工时间梯度3,deadline,3,U1,普通设备降速,MG-LS,bbaddddddeff3bde,2383.642951667583,2383.642951667583,0.0,0.0,False,0,3,0.9747899159663866,0.7058823529411766,0.9987394957983193,1.1764705882352942,1352.642951667583,624.0,384.0,180.0,125.0,32.0
TIME03,加工时间梯度3,deadline,3,U2,精密设备降速,MG-LS,bbaddddddeff3bde,2383.642951667583,2383.642951667583,0.0,0.0,False,0,1,1.0,1.0,0.9889285714285714,1.25,1352.642951667583,624.0,384.0,180.0,125.0,32.0
TIME03,加工时间梯度3,deadline,3,U3,全设备降速,MG-LS,bbaddddddeff3bde,2383.642951667583,2383.642951667583,0.0,0.0,False,0,4,1.6806722689075633,0.7058823529411766,1.0605042016806723,1.1764705882352942,1352.642951667583,624.0,384.0,180.0,125.0,32.0
TIME03,加工时间梯度3,deadline,3,U4,普通设备故障,MG-LS,bbaddddddeff3bde,2383.642951667583,2383.642951667583,0.0,0.0,False,3,0,0.0,0.0,0.7214285714285713,1.0,1352.642951667583,624.0,384.0,180.0,125.0,32.0
TIME03,加工时间梯度3,deadline,3,U5,精密设备故障,MG-LS,bbaddddddeff3bde,2383.642951667583,2383.642951667583,0.0,0.0,False,2,0,0.0,0.0,0.7014285714285714,0.9999999999999999,1352.642951667583,624.0,384.0,180.0,125.0,32.0
TIME03,加工时间梯度3,deadline,3,U6,隐藏裂缝,MG-LS,bbaddddddeff3bde,2298.2391164843593,2383.642951667583,-85.40383518322369,0.035829122446159836,False,0,1,0.22732256662485728,0.22732256662485728,0.9184995379213206,1.0568306416562143,1279.2391164843593,624.0,384.0,180.0,125.0,44.0
TIME03,加工时间梯度3,deadline,3,U7,复合扰动,MG-LS,bbaddddddeff3bde,2298.2391164843593,2383.642951667583,-85.40383518322369,0.035829122446159836,False,3,2,0.671767011069301,0.44444444444444375,0.7716835886487031,1.111111111111111,1279.2391164843593,624.0,384.0,180.0,125.0,44.0
TIME04,加工时间梯度4,deadline,4,U0,基准情景,VF,70f7bf20d082915c,2365.642951667583,2365.642951667583,0.0,0.0,True,0,0,0.0,0.0,0.8791636757202715,0.9722222222222221,1352.642951667583,720.0,480.0,120.0,275.0,32.0
TIME04,加工时间梯度4,deadline,4,U1,普通设备降速,VF,70f7bf20d082915c,2365.642951667583,2365.642951667583,0.0,0.0,False,0,2,0.9322128851540619,0.6901960784313728,0.9718102067297313,1.1437908496732028,1352.642951667583,720.0,480.0,120.0,275.0,32.0
TIME04,加工时间梯度4,deadline,4,U2,精密设备降速,VF,70f7bf20d082915c,2365.642951667583,2365.642951667583,0.0,0.0,False,0,2,1.0250000000000004,0.8250000000000002,0.9677053423869383,1.171875,1352.642951667583,720.0,480.0,120.0,275.0,32.0
TIME04,加工时间梯度4,deadline,4,U3,全设备降速,VF,70f7bf20d082915c,2365.642951667583,2365.642951667583,0.0,0.0,False,0,3,1.4263305322128854,0.6901960784313728,1.0343102067297312,1.1437908496732028,1352.642951667583,720.0,480.0,120.0,275.0,32.0
TIME04,加工时间梯度4,deadline,4,U4,普通设备故障,VF,70f7bf20d082915c,2365.642951667583,2365.642951667583,0.0,0.0,False,3,0,0.0,0.0,0.7271825396825398,0.9722222222222221,1352.642951667583,720.0,480.0,120.0,275.0,32.0
TIME04,加工时间梯度4,deadline,4,U5,精密设备故障,VF,70f7bf20d082915c,2365.642951667583,2365.642951667583,0.0,0.0,False,2,0,0.0,0.0,0.7124970090536049,0.9722222222222221,1352.642951667583,720.0,480.0,120.0,275.0,32.0
TIME04,加工时间梯度4,deadline,4,U6,隐藏裂缝,VF,70f7bf20d082915c,2280.2391164843593,2365.642951667583,-85.40383518322369,0.03610174355475793,True,0,0,0.0,0.0,0.9102201253268539,0.9854278661145981,1279.2391164843593,720.0,480.0,120.0,275.0,44.0
TIME04,加工时间梯度4,deadline,4,U7,复合扰动,VF,70f7bf20d082915c,2280.2391164843593,2365.642951667583,-85.40383518322369,0.03610174355475793,False,3,2,0.6021863331939681,0.4021863331939679,0.8007480990107634,1.08378881941541,1279.2391164843593,720.0,480.0,120.0,275.0,44.0
TIME04,加工时间梯度4,deadline,4,U0,基准情景,VDF,3fbd85e5324f8740,2303.642951667583,2303.642951667583,0.0,0.0,True,0,0,0.0,0.0,0.9348136939856581,1.0,1352.642951667583,768.0,480.0,60.0,325.0,32.0
TIME04,加工时间梯度4,deadline,4,U1,普通设备降速,VDF,3fbd85e5324f8740,2303.642951667583,2303.642951667583,0.0,0.0,False,0,3,1.7792717086834742,0.8470588235294123,1.03593414216493,1.1764705882352942,1352.642951667583,768.0,480.0,60.0,325.0,32.0
TIME04,加工时间梯度4,deadline,4,U2,精密设备降速,VDF,3fbd85e5324f8740,2303.642951667583,2303.642951667583,0.0,0.0,False,0,2,1.2539346290935516,0.8250000000000002,1.0252631492281044,1.171875,1352.642951667583,768.0,480.0,60.0,325.0,32.0
TIME04,加工时间梯度4,deadline,4,U3,全设备降速,VDF,3fbd85e5324f8740,2303.642951667583,2303.642951667583,0.0,0.0,False,0,5,2.3947395948891694,0.8470588235294123,1.0997808164537155,1.1764705882352942,1352.642951667583,768.0,480.0,60.0,325.0,32.0
TIME04,加工时间梯度4,deadline,4,U4,普通设备故障,VDF,3fbd85e5324f8740,2303.642951667583,2303.642951667583,0.0,0.0,False,4,0,0.0,0.0,0.734813693985658,0.9722222222222221,1352.642951667583,768.0,480.0,60.0,325.0,32.0
TIME04,加工时间梯度4,deadline,4,U5,精密设备故障,VDF,3fbd85e5324f8740,2303.642951667583,2303.642951667583,0.0,0.0,False,2,0,0.0,0.0,0.760515873015873,1.0,1352.642951667583,768.0,480.0,60.0,325.0,32.0
TIME04,加工时间梯度4,deadline,4,U6,隐藏裂缝,VDF,3fbd85e5324f8740,2218.2391164843593,2303.642951667583,-85.40383518322369,0.037073382019292854,False,0,2,0.21499478514449422,0.1210055518529698,0.9784252816200125,1.0252094899693687,1279.2391164843593,768.0,480.0,60.0,325.0,44.0
TIME04,加工时间梯度4,deadline,4,U7,复合扰动,VDF,3fbd85e5324f8740,2218.2391164843593,2303.642951667583,-85.40383518322369,0.037073382019292854,False,4,3,0.9617731797948235,0.6677839465032989,0.8220410480637762,1.1391216555215207,1279.2391164843593,768.0,480.0,60.0,325.0,44.0
TIME04,加工时间梯度4,deadline,4,U0,基准情景,MG,69b9899b23feaae4,2573.642951667583,2573.642951667583,0.0,0.0,True,0,0,0.0,0.0,0.9348869576070525,1.0,1352.642951667583,768.0,480.0,180.0,175.0,32.0
TIME04,加工时间梯度4,deadline,4,U1,普通设备降速,MG,69b9899b23feaae4,2573.642951667583,2573.642951667583,0.0,0.0,False,0,3,1.7792717086834742,0.8470588235294123,1.0360074057863244,1.1764705882352942,1352.642951667583,768.0,480.0,180.0,175.0,32.0
TIME04,加工时间梯度4,deadline,4,U2,精密设备降速,MG,69b9899b23feaae4,2573.642951667583,2573.642951667583,0.0,0.0,False,0,2,1.256132537735387,0.8250000000000002,1.0253547287548475,1.171875,1352.642951667583,768.0,480.0,180.0,175.0,32.0
TIME04,加工时间梯度4,deadline,4,U3,全设备降速,MG,69b9899b23feaae4,2573.642951667583,2573.642951667583,0.0,0.0,False,0,5,2.3968082147873675,0.8470588235294123,1.0998670089494738,1.1764705882352942,1352.642951667583,768.0,480.0,180.0,175.0,32.0
TIME04,加工时间梯度4,deadline,4,U4,普通设备故障,MG,69b9899b23feaae4,2573.642951667583,2573.642951667583,0.0,0.0,False,4,0,0.0,0.0,0.7348869576070526,0.9722222222222221,1352.642951667583,768.0,480.0,180.0,175.0,32.0
TIME04,加工时间梯度4,deadline,4,U5,精密设备故障,MG,69b9899b23feaae4,2573.642951667583,2573.642951667583,0.0,0.0,False,2,0,0.0,0.0,0.760515873015873,1.0,1352.642951667583,768.0,480.0,180.0,175.0,32.0
TIME04,加工时间梯度4,deadline,4,U6,隐藏裂缝,MG,69b9899b23feaae4,2488.2391164843593,2573.642951667583,-85.40383518322369,0.033184026217734114,False,0,1,0.09398923329152442,0.09398923329152442,0.9477544682173183,1.0195810902690676,1279.2391164843593,768.0,480.0,180.0,175.0,44.0
TIME04,加工时间梯度4,deadline,4,U7,复合扰动,MG,69b9899b23feaae4,2488.2391164843593,2573.642951667583,-85.40383518322369,0.033184026217734114,False,4,2,0.2939892332915246,0.20000000000000018,0.7879623665052271,1.0416666666666667,1279.2391164843593,768.0,480.0,180.0,175.0,44.0
TIME04,加工时间梯度4,deadline,4,U0,基准情景,MG-LS,69b9899b23feaae4,2573.642951667583,2573.642951667583,0.0,0.0,True,0,0,0.0,0.0,0.9348869576070525,1.0,1352.642951667583,768.0,480.0,180.0,175.0,32.0
TIME04,加工时间梯度4,deadline,4,U1,普通设备降速,MG-LS,69b9899b23feaae4,2573.642951667583,2573.642951667583,0.0,0.0,False,0,3,1.7792717086834742,0.8470588235294123,1.0360074057863244,1.1764705882352942,1352.642951667583,768.0,480.0,180.0,175.0,32.0
TIME04,加工时间梯度4,deadline,4,U2,精密设备降速,MG-LS,69b9899b23feaae4,2573.642951667583,2573.642951667583,0.0,0.0,False,0,2,1.256132537735387,0.8250000000000002,1.0253547287548475,1.171875,1352.642951667583,768.0,480.0,180.0,175.0,32.0
TIME04,加工时间梯度4,deadline,4,U3,全设备降速,MG-LS,69b9899b23feaae4,2573.642951667583,2573.642951667583,0.0,0.0,False,0,5,2.3968082147873675,0.8470588235294123,1.0998670089494738,1.1764705882352942,1352.642951667583,768.0,480.0,180.0,175.0,32.0
TIME04,加工时间梯度4,deadline,4,U4,普通设备故障,MG-LS,69b9899b23feaae4,2573.642951667583,2573.642951667583,0.0,0.0,False,4,0,0.0,0.0,0.7348869576070526,0.9722222222222221,1352.642951667583,768.0,480.0,180.0,175.0,32.0
TIME04,加工时间梯度4,deadline,4,U5,精密设备故障,MG-LS,69b9899b23feaae4,2573.642951667583,2573.642951667583,0.0,0.0,False,2,0,0.0,0.0,0.760515873015873,1.0,1352.642951667583,768.0,480.0,180.0,175.0,32.0
TIME04,加工时间梯度4,deadline,4,U6,隐藏裂缝,MG-LS,69b9899b23feaae4,2488.2391164843593,2573.642951667583,-85.40383518322369,0.033184026217734114,False,0,1,0.09398923329152442,0.09398923329152442,0.9477544682173183,1.0195810902690676,1279.2391164843593,768.0,480.0,180.0,175.0,44.0
TIME04,加工时间梯度4,deadline,4,U7,复合扰动,MG-LS,69b9899b23feaae4,2488.2391164843593,2573.642951667583,-85.40383518322369,0.033184026217734114,False,4,2,0.2939892332915246,0.20000000000000018,0.7879623665052271,1.0416666666666667,1279.2391164843593,768.0,480.0,180.0,175.0,44.0
TIME05,加工时间梯度5,deadline,5,U0,基准情景,VF,310e7fa174adf50b,2509.642951667583,2509.642951667583,0.0,0.0,True,0,0,0.0,0.0,0.8614046332894582,0.9523809523809524,1352.642951667583,864.0,480.0,120.0,275.0,32.0
TIME05,加工时间梯度5,deadline,5,U1,普通设备降速,VF,310e7fa174adf50b,2509.642951667583,2509.642951667583,0.0,0.0,False,0,3,1.5756820377703837,0.6745098039215689,0.9598457870632281,1.1204481792717087,1352.642951667583,864.0,480.0,120.0,275.0,32.0
TIME05,加工时间梯度5,deadline,5,U2,精密设备降速,VF,310e7fa174adf50b,2509.642951667583,2509.642951667583,0.0,0.0,False,0,1,0.025000000000000355,0.025000000000000355,0.9372974904323153,1.0044642857142858,1352.642951667583,864.0,480.0,120.0,275.0,32.0
TIME05,加工时间梯度5,deadline,5,U3,全设备降速,VF,310e7fa174adf50b,2509.642951667583,2509.642951667583,0.0,0.0,False,0,3,1.5756820377703837,0.6745098039215689,1.0134172156346566,1.1204481792717087,1352.642951667583,864.0,480.0,120.0,275.0,32.0
TIME05,加工时间梯度5,deadline,5,U4,普通设备故障,VF,310e7fa174adf50b,2509.642951667583,2509.642951667583,0.0,0.0,False,4,0,0.0,0.0,0.6777210884353743,0.9523809523809524,1352.642951667583,864.0,480.0,120.0,275.0,32.0
TIME05,加工时间梯度5,deadline,5,U5,精密设备故障,VF,310e7fa174adf50b,2509.642951667583,2509.642951667583,0.0,0.0,False,2,0,0.0,0.0,0.7185474904323153,0.9523809523809524,1352.642951667583,864.0,480.0,120.0,275.0,32.0
TIME05,加工时间梯度5,deadline,5,U6,隐藏裂缝,VF,310e7fa174adf50b,2424.2391164843593,2509.642951667583,-85.40383518322369,0.03403027316155686,True,0,0,0.0,0.0,0.9038356868503457,0.997473922332362,1279.2391164843593,864.0,480.0,120.0,275.0,44.0
TIME05,加工时间梯度5,deadline,5,U7,复合扰动,VF,310e7fa174adf50b,2424.2391164843593,2509.642951667583,-85.40383518322369,0.03403027316155686,False,4,0,0.0,0.0,0.7407772821452803,0.9637000757172746,1279.2391164843593,864.0,480.0,120.0,275.0,44.0
TIME05,加工时间梯度5,deadline,5,U0,基准情景,VDF,fde88b11bbe78f05,2534.642951667583,2534.642951667583,0.0,0.0,True,0,0,0.0,0.0,0.8669582198120638,0.9523809523809524,1352.642951667583,864.0,480.0,120.0,250.0,32.0
TIME05,加工时间梯度5,deadline,5,U1,普通设备降速,VDF,fde88b11bbe78f05,2534.642951667583,2534.642951667583,0.0,0.0,False,0,3,1.301269527241626,0.6745098039215689,0.963929306565144,1.1204481792717087,1352.642951667583,864.0,480.0,120.0,250.0,32.0
TIME05,加工时间梯度5,deadline,5,U2,精密设备降速,VDF,fde88b11bbe78f05,2534.642951667583,2534.642951667583,0.0,0.0,False,0,1,0.025000000000000355,0.025000000000000355,0.9463220685315499,1.0044642857142858,1352.642951667583,864.0,480.0,120.0,250.0,32.0
TIME05,加工时间梯度5,deadline,5,U3,全设备降速,VDF,fde88b11bbe78f05,2534.642951667583,2534.642951667583,0.0,0.0,False,0,3,1.301269527241626,0.6745098039215689,1.0199508468377223,1.1204481792717087,1352.642951667583,864.0,480.0,120.0,250.0,32.0
TIME05,加工时间梯度5,deadline,5,U4,普通设备故障,VDF,fde88b11bbe78f05,2534.642951667583,2534.642951667583,0.0,0.0,False,4,0,0.0,0.0,0.6916050547418888,0.9523809523809524,1352.642951667583,864.0,480.0,120.0,250.0,32.0
TIME05,加工时间梯度5,deadline,5,U5,精密设备故障,VDF,fde88b11bbe78f05,2534.642951667583,2534.642951667583,0.0,0.0,False,2,0,0.0,0.0,0.7102171106484064,0.9523809523809524,1352.642951667583,864.0,480.0,120.0,250.0,32.0
TIME05,加工时间梯度5,deadline,5,U6,隐藏裂缝,VDF,fde88b11bbe78f05,2449.2391164843593,2534.642951667583,-85.40383518322369,0.0336946216140759,True,0,0,0.0,0.0,0.8937987542332515,0.992974267849677,1279.2391164843593,864.0,480.0,120.0,250.0,44.0
TIME05,加工时间梯度5,deadline,5,U7,复合扰动,VDF,fde88b11bbe78f05,2449.2391164843593,2534.642951667583,-85.40383518322369,0.0336946216140759,False,4,0,0.0,0.0,0.7379071712037927,0.992974267849677,1279.2391164843593,864.0,480.0,120.0,250.0,44.0
TIME05,加工时间梯度5,deadline,5,U0,基准情景,MG,e7f0e1998be7de05,2619.642951667583,2619.642951667583,0.0,0.0,True,0,0,0.0,0.0,0.8930404211382579,0.9523809523809524,1352.642951667583,864.0,480.0,180.0,225.0,32.0
TIME05,加工时间梯度5,deadline,5,U1,普通设备降速,MG,e7f0e1998be7de05,2619.642951667583,2619.642951667583,0.0,0.0,False,0,3,1.1719887955182084,0.6745098039215689,0.9893189325428196,1.1204481792717087,1352.642951667583,864.0,480.0,180.0,225.0,32.0
TIME05,加工时间梯度5,deadline,5,U2,精密设备降速,MG,e7f0e1998be7de05,2619.642951667583,2619.642951667583,0.0,0.0,False,0,2,0.9611766446009256,0.7628272412993855,0.979905968599693,1.1362191502320331,1352.642951667583,864.0,480.0,180.0,225.0,32.0
TIME05,加工时间梯度5,deadline,5,U3,全设备降速,MG,e7f0e1998be7de05,2619.642951667583,2619.642951667583,0.0,0.0,False,0,4,1.5605320814470431,0.6745098039215689,1.0506357895744212,1.1204481792717087,1352.642951667583,864.0,480.0,180.0,225.0,32.0
TIME05,加工时间梯度5,deadline,5,U4,普通设备故障,MG,e7f0e1998be7de05,2619.642951667583,2619.642951667583,0.0,0.0,False,4,0,0.0,0.0,0.7216118497096864,0.9523809523809524,1352.642951667583,864.0,480.0,180.0,225.0,32.0
TIME05,加工时间梯度5,deadline,5,U5,精密设备故障,MG,e7f0e1998be7de05,2619.642951667583,2619.642951667583,0.0,0.0,False,2,0,0.0,0.0,0.7112453571011325,0.9523809523809524,1352.642951667583,864.0,480.0,180.0,225.0,32.0
TIME05,加工时间梯度5,deadline,5,U6,隐藏裂缝,MG,e7f0e1998be7de05,2534.2391164843593,2619.642951667583,-85.40383518322369,0.03260132650094864,True,0,0,0.0,0.0,0.904069715947057,0.992974267849677,1279.2391164843593,864.0,480.0,180.0,225.0,44.0
TIME05,加工时间梯度5,deadline,5,U7,复合扰动,MG,e7f0e1998be7de05,2534.2391164843593,2619.642951667583,-85.40383518322369,0.03260132650094864,False,4,1,0.05584643671056444,0.05584643671056444,0.7712480545013455,1.0099725779840294,1279.2391164843593,864.0,480.0,180.0,225.0,44.0
TIME05,加工时间梯度5,deadline,5,U0,基准情景,MG-LS,75a720ec5c6b7486,2839.642951667583,2839.642951667583,0.0,0.0,True,0,0,0.0,0.0,0.8813013350201926,0.9817286676761153,1352.642951667583,864.0,480.0,300.0,125.0,32.0
TIME05,加工时间梯度5,deadline,5,U1,普通设备降速,MG-LS,75a720ec5c6b7486,2839.642951667583,2839.642951667583,0.0,0.0,False,0,3,1.365338449227517,0.8678594576308774,0.9786156481410544,1.154974903148371,1352.642951667583,864.0,480.0,300.0,125.0,32.0
TIME05,加工时间梯度5,deadline,5,U2,精密设备降速,MG-LS,75a720ec5c6b7486,2839.642951667583,2839.642951667583,0.0,0.0,False,0,2,0.3448746234025055,0.19834940330154005,0.9637647251873535,1.0354195363038465,1352.642951667583,864.0,480.0,300.0,125.0,32.0
TIME05,加工时间梯度5,deadline,5,U3,全设备降速,MG-LS,75a720ec5c6b7486,2839.642951667583,2839.642951667583,0.0,0.0,False,0,3,1.365338449227517,0.8678594576308774,1.0368251000237563,1.154974903148371,1352.642951667583,864.0,480.0,300.0,125.0,32.0
TIME05,加工时间梯度5,deadline,5,U4,普通设备故障,MG-LS,75a720ec5c6b7486,2839.642951667583,2839.642951667583,0.0,0.0,False,4,0,0.0,0.0,0.7098727635916212,0.9817286676761153,1352.642951667583,864.0,480.0,300.0,125.0,32.0
TIME05,加工时间梯度5,deadline,5,U5,精密设备故障,MG-LS,75a720ec5c6b7486,2839.642951667583,2839.642951667583,0.0,0.0,False,2,0,0.0,0.0,0.717114900160165,0.9817286676761153,1352.642951667583,864.0,480.0,300.0,125.0,32.0
TIME05,加工时间梯度5,deadline,5,U6,隐藏裂缝,MG-LS,75a720ec5c6b7486,2754.2391164843593,2839.642951667583,-85.40383518322369,0.030075554087907498,False,0,1,0.1250031056111034,0.1250031056111034,0.8923306298289917,1.0223219831448398,1279.2391164843593,864.0,480.0,300.0,125.0,44.0
TIME05,加工时间梯度5,deadline,5,U7,复合扰动,MG-LS,75a720ec5c6b7486,2754.2391164843593,2839.642951667583,-85.40383518322369,0.030075554087907498,False,4,1,0.1250031056111034,0.1250031056111034,0.7575524540302696,1.0223219831448398,1279.2391164843593,864.0,480.0,300.0,125.0,44.0
TIME06,加工时间梯度6,deadline,6,U0,基准情景,VF,e4a4d25b45e643ef,2867.642951667583,2867.642951667583,0.0,0.0,True,0,0,0.0,0.0,0.9460963444649615,0.9757967919547262,1352.642951667583,960.0,672.0,240.0,325.0,32.0
TIME06,加工时间梯度6,deadline,6,U1,普通设备降速,VF,e4a4d25b45e643ef,2867.642951667583,2867.642951667583,0.0,0.0,False,0,3,2.300097673975025,0.9471758453061758,1.0468780523117194,1.14799622582909,1352.642951667583,960.0,672.0,240.0,325.0,32.0
TIME06,加工时间梯度6,deadline,6,U2,精密设备降速,VF,e4a4d25b45e643ef,2867.642951667583,2867.642951667583,0.0,0.0,False,0,2,2.1999999999999993,1.0999999999999996,1.0398463444649615,1.171875,1352.642951667583,960.0,672.0,240.0,325.0,32.0
TIME06,加工时间梯度6,deadline,6,U3,全设备降速,VF,e4a4d25b45e643ef,2867.642951667583,2867.642951667583,0.0,0.0,False,0,5,3.6177447327985535,0.9471758453061758,1.1130545228999547,1.14799622582909,1352.642951667583,960.0,672.0,240.0,325.0,32.0
TIME06,加工时间梯度6,deadline,6,U4,普通设备故障,VF,e4a4d25b45e643ef,2867.642951667583,2867.642951667583,0.0,0.0,False,4,0,0.0,0.0,0.7576593583909452,0.9757967919547262,1352.642951667583,960.0,672.0,240.0,325.0,32.0
TIME06,加工时间梯度6,deadline,6,U5,精密设备故障,VF,e4a4d25b45e643ef,2867.642951667583,2867.642951667583,0.0,0.0,False,3,0,0.0,0.0,0.7585963444649615,0.9757967919547262,1352.642951667583,960.0,672.0,240.0,325.0,32.0
TIME06,加工时间梯度6,deadline,6,U6,隐藏裂缝,VF,e4a4d25b45e643ef,2782.2391164843593,2867.642951667583,-85.40383518322369,0.029781892872527912,False,0,3,0.34614513324861473,0.16132426075801742,0.9877978819978755,1.0252069157434403,1279.2391164843593,960.0,672.0,240.0,325.0,44.0
TIME06,加工时间梯度6,deadline,6,U7,复合扰动,VF,e4a4d25b45e643ef,2782.2391164843593,2867.642951667583,-85.40383518322369,0.029781892872527912,False,4,3,1.2629640106534925,0.8349730832288094,0.8289484719167781,1.1304645442545014,1279.2391164843593,960.0,672.0,240.0,325.0,44.0
TIME06,加工时间梯度6,deadline,6,U0,基准情景,VDF,e7cb2c4bbdcabfcd,2626.642951667583,2626.642951667583,0.0,0.0,True,0,0,0.0,0.0,0.8880523462182784,0.9467865751768682,1352.642951667583,960.0,576.0,120.0,350.0,32.0
TIME06,加工时间梯度6,deadline,6,U1,普通设备降速,VDF,e7cb2c4bbdcabfcd,2626.642951667583,2626.642951667583,0.0,0.0,False,0,2,1.3176470588235283,0.6588235294117641,0.9839020545043594,1.102941176470588,1352.642951667583,960.0,576.0,120.0,350.0,32.0
TIME06,加工时间梯度6,deadline,6,U2,精密设备降速,VDF,e7cb2c4bbdcabfcd,2626.642951667583,2626.642951667583,0.0,0.0,False,0,1,1.1742926014149457,1.1742926014149457,0.9742783460342332,1.1834832189710853,1352.642951667583,960.0,576.0,120.0,350.0,32.0
TIME06,加工时间梯度6,deadline,6,U3,全设备降速,VDF,e7cb2c4bbdcabfcd,2626.642951667583,2626.642951667583,0.0,0.0,False,0,3,2.0463930366258296,0.7287459778023013,1.044767466139151,1.1138665590316095,1352.642951667583,960.0,576.0,120.0,350.0,32.0
TIME06,加工时间梯度6,deadline,6,U4,普通设备故障,VDF,e7cb2c4bbdcabfcd,2626.642951667583,2626.642951667583,0.0,0.0,False,4,0,0.0,0.0,0.7199039992638198,0.9467865751768682,1352.642951667583,960.0,576.0,120.0,350.0,32.0
TIME06,加工时间梯度6,deadline,6,U5,精密设备故障,VDF,e7cb2c4bbdcabfcd,2626.642951667583,2626.642951667583,0.0,0.0,False,2,0,0.0,0.0,0.7325056619898322,0.9467865751768682,1352.642951667583,960.0,576.0,120.0,350.0,32.0
TIME06,加工时间梯度6,deadline,6,U6,隐藏裂缝,VDF,e7cb2c4bbdcabfcd,2541.2391164843593,2626.642951667583,-85.40383518322369,0.03251444400884527,True,0,0,0.0,0.0,0.9253928620623222,0.9791911492040156,1279.2391164843593,960.0,576.0,120.0,350.0,44.0
TIME06,加工时间梯度6,deadline,6,U7,复合扰动,VDF,e7cb2c4bbdcabfcd,2541.2391164843593,2626.642951667583,-85.40383518322369,0.03251444400884527,False,4,1,0.33270453459106086,0.33270453459106086,0.7678772988063878,1.0519850835298532,1279.2391164843593,960.0,576.0,120.0,350.0,44.0
TIME06,加工时间梯度6,deadline,6,U0,基准情景,MG,77d427b6698f60cd,2688.642951667583,2688.642951667583,0.0,0.0,True,0,0,0.0,0.0,0.8901506068534271,0.9546700971820162,1352.642951667583,1008.0,480.0,180.0,300.0,32.0
TIME06,加工时间梯度6,deadline,6,U1,普通设备降速,MG,77d427b6698f60cd,2688.642951667583,2688.642951667583,0.0,0.0,False,0,3,2.105751319958711,0.7881042611351825,0.9900213161657337,1.1231412908023723,1352.642951667583,1008.0,480.0,180.0,300.0,32.0
TIME06,加工时间梯度6,deadline,6,U2,精密设备降速,MG,77d427b6698f60cd,2688.642951667583,2688.642951667583,0.0,0.0,False,0,1,0.346177232861133,0.346177232861133,0.9712047537076831,1.054090192634552,1352.642951667583,1008.0,480.0,180.0,300.0,32.0
TIME06,加工时间梯度6,deadline,6,U3,全设备降速,MG,77d427b6698f60cd,2688.642951667583,2688.642951667583,0.0,0.0,False,0,3,2.105751319958711,0.7881042611351825,1.0472360080628556,1.1231412908023723,1352.642951667583,1008.0,480.0,180.0,300.0,32.0
TIME06,加工时间梯度6,deadline,6,U4,普通设备故障,MG,77d427b6698f60cd,2688.642951667583,2688.642951667583,0.0,0.0,False,5,0,0.0,0.0,0.699216587417024,0.9375,1352.642951667583,1008.0,480.0,180.0,300.0,32.0
TIME06,加工时间梯度6,deadline,6,U5,精密设备故障,MG,77d427b6698f60cd,2688.642951667583,2688.642951667583,0.0,0.0,False,2,0,0.0,0.0,0.7345884502579315,0.9546700971820162,1352.642951667583,1008.0,480.0,180.0,300.0,32.0
TIME06,加工时间梯度6,deadline,6,U6,隐藏裂缝,MG,77d427b6698f60cd,2603.2391164843593,2688.642951667583,-85.40383518322369,0.03176466221751515,False,0,1,0.1526033311117816,0.1526033311117816,0.9136360744719664,1.0238442704862158,1279.2391164843593,1008.0,480.0,180.0,300.0,44.0
TIME06,加工时间梯度6,deadline,6,U7,复合扰动,MG,77d427b6698f60cd,2603.2391164843593,2688.642951667583,-85.40383518322369,0.03176466221751515,False,5,0,0.0,0.0,0.7448912856432813,0.973019151035134,1279.2391164843593,1008.0,480.0,180.0,300.0,44.0
TIME06,加工时间梯度6,deadline,6,U0,基准情景,MG-LS,88cfbd403fe821f8,3149.642951667583,3149.642951667583,0.0,0.0,True,0,0,0.0,0.0,0.9479924072994068,0.9991317910591443,1352.642951667583,1008.0,576.0,420.0,175.0,32.0
TIME06,加工时间梯度6,deadline,6,U1,普通设备降速,MG-LS,88cfbd403fe821f8,3149.642951667583,3149.642951667583,0.0,0.0,False,0,3,2.569802452639326,1.1228746620923795,1.0500383562961537,1.1754491659519344,1352.642951667583,1008.0,576.0,420.0,175.0,32.0
TIME06,加工时间梯度6,deadline,6,U2,精密设备降速,MG-LS,88cfbd403fe821f8,3149.642951667583,3149.642951667583,0.0,0.0,False,0,2,1.9892811860469903,1.4538630848792176,1.0404254147122005,1.2271661070123778,1352.642951667583,1008.0,576.0,420.0,175.0,32.0
TIME06,加工时间梯度6,deadline,6,U3,全设备降速,MG-LS,88cfbd403fe821f8,3149.642951667583,3149.642951667583,0.0,0.0,False,0,5,3.689125921860022,1.1228746620923795,1.1152851850581258,1.1754491659519344,1352.642951667583,1008.0,576.0,420.0,175.0,32.0
TIME06,加工时间梯度6,deadline,6,U4,普通设备故障,MG-LS,88cfbd403fe821f8,3149.642951667583,3149.642951667583,0.0,0.0,False,5,0,0.0,0.0,0.7570583878630036,0.9991317910591443,1352.642951667583,1008.0,576.0,420.0,175.0,32.0
TIME06,加工时间梯度6,deadline,6,U5,精密设备故障,MG-LS,88cfbd403fe821f8,3149.642951667583,3149.642951667583,0.0,0.0,False,3,0,0.0,0.0,0.7516458301774265,0.9991317910591443,1352.642951667583,1008.0,576.0,420.0,175.0,32.0
TIME06,加工时间梯度6,deadline,6,U6,隐藏裂缝,MG-LS,88cfbd403fe821f8,3064.2391164843593,3149.642951667583,-85.40383518322369,0.027115402124550818,False,0,2,0.7176614988897274,0.5650581677779458,0.9856855353319997,1.088290338715304,1279.2391164843593,1008.0,576.0,420.0,175.0,44.0
TIME06,加工时间梯度6,deadline,6,U7,复合扰动,MG-LS,88cfbd403fe821f8,3064.2391164843593,3149.642951667583,-85.40383518322369,0.027115402124550818,False,5,1,1.3389535197532716,1.3389535197532716,0.824365961265007,1.2092114874614486,1279.2391164843593,1008.0,576.0,420.0,175.0,44.0
VALUE01,价值结构梯度1,value_structure,1,U0,基准情景,VF,792681bc8c2f226a,2054.642951667583,2054.642951667583,0.0,0.0,True,0,0,0.0,0.0,0.906031746031746,1.0,1352.642951667583,504.0,300.0,40.0,110.0,32.0
VALUE01,价值结构梯度1,value_structure,1,U1,普通设备降速,VF,792681bc8c2f226a,2054.642951667583,2054.642951667583,0.0,0.0,False,0,2,0.7478991596638656,0.5420168067226889,0.9992530345471522,1.1204481792717087,1352.642951667583,504.0,300.0,40.0,110.0,32.0
VALUE01,价值结构梯度1,value_structure,1,U2,精密设备降速,VF,792681bc8c2f226a,2054.642951667583,2054.642951667583,0.0,0.0,False,0,2,1.625,1.125,1.0004761904761905,1.25,1352.642951667583,504.0,300.0,40.0,110.0,32.0
VALUE01,价值结构梯度1,value_structure,1,U3,全设备降速,VF,792681bc8c2f226a,2054.642951667583,2054.642951667583,0.0,0.0,False,0,4,1.7478991596638656,0.7941176470588234,1.065919701213819,1.1764705882352942,1352.642951667583,504.0,300.0,40.0,110.0,32.0
VALUE01,价值结构梯度1,value_structure,1,U4,普通设备故障,VF,792681bc8c2f226a,2054.642951667583,2054.642951667583,0.0,0.0,False,3,0,0.0,0.0,0.7460317460317459,1.0,1352.642951667583,504.0,300.0,40.0,110.0,32.0
VALUE01,价值结构梯度1,value_structure,1,U5,精密设备故障,VF,792681bc8c2f226a,2054.642951667583,2054.642951667583,0.0,0.0,False,2,0,0.0,0.0,0.7282539682539683,1.0,1352.642951667583,504.0,300.0,40.0,110.0,32.0
VALUE01,价值结构梯度1,value_structure,1,U6,隐藏裂缝,VF,792681bc8c2f226a,1969.2391164843593,2054.642951667583,-85.40383518322369,0.041566265863326034,False,0,1,0.18196769987457184,0.18196769987457184,0.9399635410493501,1.0404372666387938,1279.2391164843593,504.0,300.0,40.0,110.0,44.0
VALUE01,价值结构梯度1,value_structure,1,U7,复合扰动,VF,792681bc8c2f226a,1969.2391164843593,2054.642951667583,-85.40383518322369,0.041566265863326034,False,3,2,1.2021863331939677,0.7021863331939677,0.825306591419101,1.1560414073764373,1279.2391164843593,504.0,300.0,40.0,110.0,44.0
VALUE01,价值结构梯度1,value_structure,1,U0,基准情景,VDF,5caa894afcb76c4c,2164.642951667583,2164.642951667583,0.0,0.0,True,0,0,0.0,0.0,0.906031746031746,1.0,1352.642951667583,504.0,300.0,100.0,60.0,32.0
VALUE01,价值结构梯度1,value_structure,1,U1,普通设备降速,VDF,5caa894afcb76c4c,2164.642951667583,2164.642951667583,0.0,0.0,False,0,2,0.7478991596638656,0.5420168067226889,0.9992530345471522,1.1204481792717087,1352.642951667583,504.0,300.0,100.0,60.0,32.0
VALUE01,价值结构梯度1,value_structure,1,U2,精密设备降速,VDF,5caa894afcb76c4c,2164.642951667583,2164.642951667583,0.0,0.0,False,0,2,1.625,1.125,1.0004761904761905,1.25,1352.642951667583,504.0,300.0,100.0,60.0,32.0
VALUE01,价值结构梯度1,value_structure,1,U3,全设备降速,VDF,5caa894afcb76c4c,2164.642951667583,2164.642951667583,0.0,0.0,False,0,4,1.7478991596638656,0.7941176470588234,1.065919701213819,1.1764705882352942,1352.642951667583,504.0,300.0,100.0,60.0,32.0
VALUE01,价值结构梯度1,value_structure,1,U4,普通设备故障,VDF,5caa894afcb76c4c,2164.642951667583,2164.642951667583,0.0,0.0,False,3,0,0.0,0.0,0.7460317460317459,1.0,1352.642951667583,504.0,300.0,100.0,60.0,32.0
VALUE01,价值结构梯度1,value_structure,1,U5,精密设备故障,VDF,5caa894afcb76c4c,2164.642951667583,2164.642951667583,0.0,0.0,False,2,0,0.0,0.0,0.7282539682539683,1.0,1352.642951667583,504.0,300.0,100.0,60.0,32.0
VALUE01,价值结构梯度1,value_structure,1,U6,隐藏裂缝,VDF,5caa894afcb76c4c,2079.2391164843593,2164.642951667583,-85.40383518322369,0.03945400562131083,False,0,1,0.1426209540376595,0.1426209540376595,0.9224736802834134,1.0316935453417022,1279.2391164843593,504.0,300.0,100.0,60.0,44.0
VALUE01,价值结构梯度1,value_structure,1,U7,复合扰动,VDF,5caa894afcb76c4c,2079.2391164843593,2164.642951667583,-85.40383518322369,0.03945400562131083,False,3,1,0.6584677267085102,0.6584677267085102,0.8051532899329821,1.14632616149078,1279.2391164843593,504.0,300.0,100.0,60.0,44.0
VALUE01,价值结构梯度1,value_structure,1,U0,基准情景,MG,d362686e60a64edb,2154.642951667583,2154.642951667583,0.0,0.0,True,0,0,0.0,0.0,0.906031746031746,1.0,1352.642951667583,504.0,300.0,80.0,50.0,32.0
VALUE01,价值结构梯度1,value_structure,1,U1,普通设备降速,MG,d362686e60a64edb,2154.642951667583,2154.642951667583,0.0,0.0,False,0,2,0.7478991596638656,0.5420168067226889,0.9992530345471522,1.1204481792717087,1352.642951667583,504.0,300.0,80.0,50.0,32.0
VALUE01,价值结构梯度1,value_structure,1,U2,精密设备降速,MG,d362686e60a64edb,2154.642951667583,2154.642951667583,0.0,0.0,False,0,2,1.625,1.125,1.0004761904761905,1.25,1352.642951667583,504.0,300.0,80.0,50.0,32.0
VALUE01,价值结构梯度1,value_structure,1,U3,全设备降速,MG,d362686e60a64edb,2154.642951667583,2154.642951667583,0.0,0.0,False,0,4,1.7478991596638656,0.7941176470588234,1.065919701213819,1.1764705882352942,1352.642951667583,504.0,300.0,80.0,50.0,32.0
VALUE01,价值结构梯度1,value_structure,1,U4,普通设备故障,MG,d362686e60a64edb,2154.642951667583,2154.642951667583,0.0,0.0,False,3,0,0.0,0.0,0.7460317460317459,1.0,1352.642951667583,504.0,300.0,80.0,50.0,32.0
VALUE01,价值结构梯度1,value_structure,1,U5,精密设备故障,MG,d362686e60a64edb,2154.642951667583,2154.642951667583,0.0,0.0,False,2,0,0.0,0.0,0.7282539682539683,1.0,1352.642951667583,504.0,300.0,80.0,50.0,32.0
VALUE01,价值结构梯度1,value_structure,1,U6,隐藏裂缝,MG,d362686e60a64edb,2069.2391164843593,2154.642951667583,-85.40383518322369,0.03963711719249145,True,0,0,0.0,0.0,0.9212059384697454,1.0,1279.2391164843593,504.0,300.0,80.0,50.0,44.0
VALUE01,价值结构梯度1,value_structure,1,U7,复合扰动,MG,d362686e60a64edb,2069.2391164843593,2154.642951667583,-85.40383518322369,0.03963711719249145,False,3,1,0.5,0.5,0.7981102798570483,1.1111111111111112,1279.2391164843593,504.0,300.0,80.0,50.0,44.0
VALUE01,价值结构梯度1,value_structure,1,U0,基准情景,MG-LS,d362686e60a64edb,2154.642951667583,2154.642951667583,0.0,0.0,True,0,0,0.0,0.0,0.906031746031746,1.0,1352.642951667583,504.0,300.0,80.0,50.0,32.0
VALUE01,价值结构梯度1,value_structure,1,U1,普通设备降速,MG-LS,d362686e60a64edb,2154.642951667583,2154.642951667583,0.0,0.0,False,0,2,0.7478991596638656,0.5420168067226889,0.9992530345471522,1.1204481792717087,1352.642951667583,504.0,300.0,80.0,50.0,32.0
VALUE01,价值结构梯度1,value_structure,1,U2,精密设备降速,MG-LS,d362686e60a64edb,2154.642951667583,2154.642951667583,0.0,0.0,False,0,2,1.625,1.125,1.0004761904761905,1.25,1352.642951667583,504.0,300.0,80.0,50.0,32.0
VALUE01,价值结构梯度1,value_structure,1,U3,全设备降速,MG-LS,d362686e60a64edb,2154.642951667583,2154.642951667583,0.0,0.0,False,0,4,1.7478991596638656,0.7941176470588234,1.065919701213819,1.1764705882352942,1352.642951667583,504.0,300.0,80.0,50.0,32.0
VALUE01,价值结构梯度1,value_structure,1,U4,普通设备故障,MG-LS,d362686e60a64edb,2154.642951667583,2154.642951667583,0.0,0.0,False,3,0,0.0,0.0,0.7460317460317459,1.0,1352.642951667583,504.0,300.0,80.0,50.0,32.0
VALUE01,价值结构梯度1,value_structure,1,U5,精密设备故障,MG-LS,d362686e60a64edb,2154.642951667583,2154.642951667583,0.0,0.0,False,2,0,0.0,0.0,0.7282539682539683,1.0,1352.642951667583,504.0,300.0,80.0,50.0,32.0
VALUE01,价值结构梯度1,value_structure,1,U6,隐藏裂缝,MG-LS,d362686e60a64edb,2069.2391164843593,2154.642951667583,-85.40383518322369,0.03963711719249145,True,0,0,0.0,0.0,0.9212059384697454,1.0,1279.2391164843593,504.0,300.0,80.0,50.0,44.0
VALUE01,价值结构梯度1,value_structure,1,U7,复合扰动,MG-LS,d362686e60a64edb,2069.2391164843593,2154.642951667583,-85.40383518322369,0.03963711719249145,False,3,1,0.5,0.5,0.7981102798570483,1.1111111111111112,1279.2391164843593,504.0,300.0,80.0,50.0,44.0
VALUE02,价值结构梯度2,value_structure,2,U0,基准情景,VF,792681bc8c2f226a,2354.642951667583,2354.642951667583,0.0,0.0,True,0,0,0.0,0.0,0.906031746031746,1.0,1352.642951667583,504.0,600.0,40.0,110.0,32.0
VALUE02,价值结构梯度2,value_structure,2,U1,普通设备降速,VF,792681bc8c2f226a,2354.642951667583,2354.642951667583,0.0,0.0,False,0,2,0.7478991596638656,0.5420168067226889,0.9992530345471522,1.1204481792717087,1352.642951667583,504.0,600.0,40.0,110.0,32.0
VALUE02,价值结构梯度2,value_structure,2,U2,精密设备降速,VF,792681bc8c2f226a,2354.642951667583,2354.642951667583,0.0,0.0,False,0,2,1.625,1.125,1.0004761904761905,1.25,1352.642951667583,504.0,600.0,40.0,110.0,32.0
VALUE02,价值结构梯度2,value_structure,2,U3,全设备降速,VF,792681bc8c2f226a,2354.642951667583,2354.642951667583,0.0,0.0,False,0,4,1.7478991596638656,0.7941176470588234,1.065919701213819,1.1764705882352942,1352.642951667583,504.0,600.0,40.0,110.0,32.0
VALUE02,价值结构梯度2,value_structure,2,U4,普通设备故障,VF,792681bc8c2f226a,2354.642951667583,2354.642951667583,0.0,0.0,False,3,0,0.0,0.0,0.7460317460317459,1.0,1352.642951667583,504.0,600.0,40.0,110.0,32.0
VALUE02,价值结构梯度2,value_structure,2,U5,精密设备故障,VF,792681bc8c2f226a,2354.642951667583,2354.642951667583,0.0,0.0,False,2,0,0.0,0.0,0.7282539682539683,1.0,1352.642951667583,504.0,600.0,40.0,110.0,32.0
VALUE02,价值结构梯度2,value_structure,2,U6,隐藏裂缝,VF,792681bc8c2f226a,2269.2391164843593,2354.642951667583,-85.40383518322369,0.03627039722635646,False,0,1,0.18196769987457184,0.18196769987457184,0.9399635410493501,1.0404372666387938,1279.2391164843593,504.0,600.0,40.0,110.0,44.0
VALUE02,价值结构梯度2,value_structure,2,U7,复合扰动,VF,792681bc8c2f226a,2269.2391164843593,2354.642951667583,-85.40383518322369,0.03627039722635646,False,3,2,1.2021863331939677,0.7021863331939677,0.825306591419101,1.1560414073764373,1279.2391164843593,504.0,600.0,40.0,110.0,44.0
VALUE02,价值结构梯度2,value_structure,2,U0,基准情景,VDF,1bdad1b4258832e3,2314.642951667583,2314.642951667583,0.0,0.0,True,0,0,0.0,0.0,0.906031746031746,1.0,1352.642951667583,504.0,600.0,20.0,130.0,32.0
VALUE02,价值结构梯度2,value_structure,2,U1,普通设备降速,VDF,1bdad1b4258832e3,2314.642951667583,2314.642951667583,0.0,0.0,False,0,2,0.7478991596638656,0.5420168067226889,0.9992530345471522,1.1204481792717087,1352.642951667583,504.0,600.0,20.0,130.0,32.0
VALUE02,价值结构梯度2,value_structure,2,U2,精密设备降速,VDF,1bdad1b4258832e3,2314.642951667583,2314.642951667583,0.0,0.0,False,0,2,1.625,1.125,1.0004761904761905,1.25,1352.642951667583,504.0,600.0,20.0,130.0,32.0
VALUE02,价值结构梯度2,value_structure,2,U3,全设备降速,VDF,1bdad1b4258832e3,2314.642951667583,2314.642951667583,0.0,0.0,False,0,4,1.7478991596638656,0.7941176470588234,1.065919701213819,1.1764705882352942,1352.642951667583,504.0,600.0,20.0,130.0,32.0
VALUE02,价值结构梯度2,value_structure,2,U4,普通设备故障,VDF,1bdad1b4258832e3,2314.642951667583,2314.642951667583,0.0,0.0,False,3,0,0.0,0.0,0.7460317460317459,1.0,1352.642951667583,504.0,600.0,20.0,130.0,32.0
VALUE02,价值结构梯度2,value_structure,2,U5,精密设备故障,VDF,1bdad1b4258832e3,2314.642951667583,2314.642951667583,0.0,0.0,False,2,0,0.0,0.0,0.7282539682539683,1.0,1352.642951667583,504.0,600.0,20.0,130.0,32.0
VALUE02,价值结构梯度2,value_structure,2,U6,隐藏裂缝,VDF,1bdad1b4258832e3,2229.2391164843593,2314.642951667583,-85.40383518322369,0.036897196227044245,True,0,0,0.0,0.0,0.9197570906826961,1.0,1279.2391164843593,504.0,600.0,20.0,130.0,44.0
VALUE02,价值结构梯度2,value_structure,2,U7,复合扰动,VDF,1bdad1b4258832e3,2229.2391164843593,2314.642951667583,-85.40383518322369,0.036897196227044245,False,3,1,0.5,0.5,0.8017323993246714,1.1111111111111112,1279.2391164843593,504.0,600.0,20.0,130.0,44.0
VALUE02,价值结构梯度2,value_structure,2,U0,基准情景,MG,8d9426db46b26151,2444.642951667583,2444.642951667583,0.0,0.0,True,0,0,0.0,0.0,0.906031746031746,1.0,1352.642951667583,504.0,600.0,80.0,60.0,32.0
VALUE02,价值结构梯度2,value_structure,2,U1,普通设备降速,MG,8d9426db46b26151,2444.642951667583,2444.642951667583,0.0,0.0,False,0,2,0.7478991596638656,0.5420168067226889,0.9992530345471522,1.1204481792717087,1352.642951667583,504.0,600.0,80.0,60.0,32.0
VALUE02,价值结构梯度2,value_structure,2,U2,精密设备降速,MG,8d9426db46b26151,2444.642951667583,2444.642951667583,0.0,0.0,False,0,2,1.625,1.125,1.0004761904761905,1.25,1352.642951667583,504.0,600.0,80.0,60.0,32.0
VALUE02,价值结构梯度2,value_structure,2,U3,全设备降速,MG,8d9426db46b26151,2444.642951667583,2444.642951667583,0.0,0.0,False,0,4,1.7478991596638656,0.7941176470588234,1.065919701213819,1.1764705882352942,1352.642951667583,504.0,600.0,80.0,60.0,32.0
VALUE02,价值结构梯度2,value_structure,2,U4,普通设备故障,MG,8d9426db46b26151,2444.642951667583,2444.642951667583,0.0,0.0,False,3,0,0.0,0.0,0.7460317460317459,1.0,1352.642951667583,504.0,600.0,80.0,60.0,32.0
VALUE02,价值结构梯度2,value_structure,2,U5,精密设备故障,MG,8d9426db46b26151,2444.642951667583,2444.642951667583,0.0,0.0,False,2,0,0.0,0.0,0.7282539682539683,1.0,1352.642951667583,504.0,600.0,80.0,60.0,32.0
VALUE02,价值结构梯度2,value_structure,2,U6,隐藏裂缝,MG,8d9426db46b26151,2359.2391164843593,2444.642951667583,-85.40383518322369,0.03493509558316748,True,0,0,0.0,0.0,0.9197570906826961,1.0,1279.2391164843593,504.0,600.0,80.0,60.0,44.0
VALUE02,价值结构梯度2,value_structure,2,U7,复合扰动,MG,8d9426db46b26151,2359.2391164843593,2444.642951667583,-85.40383518322369,0.03493509558316748,False,3,1,0.5,0.5,0.8017323993246714,1.1111111111111112,1279.2391164843593,504.0,600.0,80.0,60.0,44.0
VALUE02,价值结构梯度2,value_structure,2,U0,基准情景,MG-LS,8d9426db46b26151,2444.642951667583,2444.642951667583,0.0,0.0,True,0,0,0.0,0.0,0.906031746031746,1.0,1352.642951667583,504.0,600.0,80.0,60.0,32.0
VALUE02,价值结构梯度2,value_structure,2,U1,普通设备降速,MG-LS,8d9426db46b26151,2444.642951667583,2444.642951667583,0.0,0.0,False,0,2,0.7478991596638656,0.5420168067226889,0.9992530345471522,1.1204481792717087,1352.642951667583,504.0,600.0,80.0,60.0,32.0
VALUE02,价值结构梯度2,value_structure,2,U2,精密设备降速,MG-LS,8d9426db46b26151,2444.642951667583,2444.642951667583,0.0,0.0,False,0,2,1.625,1.125,1.0004761904761905,1.25,1352.642951667583,504.0,600.0,80.0,60.0,32.0
VALUE02,价值结构梯度2,value_structure,2,U3,全设备降速,MG-LS,8d9426db46b26151,2444.642951667583,2444.642951667583,0.0,0.0,False,0,4,1.7478991596638656,0.7941176470588234,1.065919701213819,1.1764705882352942,1352.642951667583,504.0,600.0,80.0,60.0,32.0
VALUE02,价值结构梯度2,value_structure,2,U4,普通设备故障,MG-LS,8d9426db46b26151,2444.642951667583,2444.642951667583,0.0,0.0,False,3,0,0.0,0.0,0.7460317460317459,1.0,1352.642951667583,504.0,600.0,80.0,60.0,32.0
VALUE02,价值结构梯度2,value_structure,2,U5,精密设备故障,MG-LS,8d9426db46b26151,2444.642951667583,2444.642951667583,0.0,0.0,False,2,0,0.0,0.0,0.7282539682539683,1.0,1352.642951667583,504.0,600.0,80.0,60.0,32.0
VALUE02,价值结构梯度2,value_structure,2,U6,隐藏裂缝,MG-LS,8d9426db46b26151,2359.2391164843593,2444.642951667583,-85.40383518322369,0.03493509558316748,True,0,0,0.0,0.0,0.9197570906826961,1.0,1279.2391164843593,504.0,600.0,80.0,60.0,44.0
VALUE02,价值结构梯度2,value_structure,2,U7,复合扰动,MG-LS,8d9426db46b26151,2359.2391164843593,2444.642951667583,-85.40383518322369,0.03493509558316748,False,3,1,0.5,0.5,0.8017323993246714,1.1111111111111112,1279.2391164843593,504.0,600.0,80.0,60.0,44.0
VALUE03,价值结构梯度3,value_structure,3,U0,基准情景,VF,792681bc8c2f226a,2678.642951667583,2678.642951667583,0.0,0.0,True,0,0,0.0,0.0,0.906031746031746,1.0,1352.642951667583,1008.0,420.0,40.0,110.0,32.0
VALUE03,价值结构梯度3,value_structure,3,U1,普通设备降速,VF,792681bc8c2f226a,2678.642951667583,2678.642951667583,0.0,0.0,False,0,2,0.7478991596638656,0.5420168067226889,0.9992530345471522,1.1204481792717087,1352.642951667583,1008.0,420.0,40.0,110.0,32.0
VALUE03,价值结构梯度3,value_structure,3,U2,精密设备降速,VF,792681bc8c2f226a,2678.642951667583,2678.642951667583,0.0,0.0,False,0,2,1.625,1.125,1.0004761904761905,1.25,1352.642951667583,1008.0,420.0,40.0,110.0,32.0
VALUE03,价值结构梯度3,value_structure,3,U3,全设备降速,VF,792681bc8c2f226a,2678.642951667583,2678.642951667583,0.0,0.0,False,0,4,1.7478991596638656,0.7941176470588234,1.065919701213819,1.1764705882352942,1352.642951667583,1008.0,420.0,40.0,110.0,32.0
VALUE03,价值结构梯度3,value_structure,3,U4,普通设备故障,VF,792681bc8c2f226a,2678.642951667583,2678.642951667583,0.0,0.0,False,3,0,0.0,0.0,0.7460317460317459,1.0,1352.642951667583,1008.0,420.0,40.0,110.0,32.0
VALUE03,价值结构梯度3,value_structure,3,U5,精密设备故障,VF,792681bc8c2f226a,2678.642951667583,2678.642951667583,0.0,0.0,False,2,0,0.0,0.0,0.7282539682539683,1.0,1352.642951667583,1008.0,420.0,40.0,110.0,32.0
VALUE03,价值结构梯度3,value_structure,3,U6,隐藏裂缝,VF,792681bc8c2f226a,2593.2391164843593,2678.642951667583,-85.40383518322369,0.03188324712334495,False,0,1,0.18196769987457184,0.18196769987457184,0.9399635410493501,1.0404372666387938,1279.2391164843593,1008.0,420.0,40.0,110.0,44.0
VALUE03,价值结构梯度3,value_structure,3,U7,复合扰动,VF,792681bc8c2f226a,2593.2391164843593,2678.642951667583,-85.40383518322369,0.03188324712334495,False,3,2,1.2021863331939677,0.7021863331939677,0.825306591419101,1.1560414073764373,1279.2391164843593,1008.0,420.0,40.0,110.0,44.0
VALUE03,价值结构梯度3,value_structure,3,U0,基准情景,VDF,d362686e60a64edb,2778.642951667583,2778.642951667583,0.0,0.0,True,0,0,0.0,0.0,0.906031746031746,1.0,1352.642951667583,1008.0,420.0,80.0,50.0,32.0
VALUE03,价值结构梯度3,value_structure,3,U1,普通设备降速,VDF,d362686e60a64edb,2778.642951667583,2778.642951667583,0.0,0.0,False,0,2,0.7478991596638656,0.5420168067226889,0.9992530345471522,1.1204481792717087,1352.642951667583,1008.0,420.0,80.0,50.0,32.0
VALUE03,价值结构梯度3,value_structure,3,U2,精密设备降速,VDF,d362686e60a64edb,2778.642951667583,2778.642951667583,0.0,0.0,False,0,2,1.625,1.125,1.0004761904761905,1.25,1352.642951667583,1008.0,420.0,80.0,50.0,32.0
VALUE03,价值结构梯度3,value_structure,3,U3,全设备降速,VDF,d362686e60a64edb,2778.642951667583,2778.642951667583,0.0,0.0,False,0,4,1.7478991596638656,0.7941176470588234,1.065919701213819,1.1764705882352942,1352.642951667583,1008.0,420.0,80.0,50.0,32.0
VALUE03,价值结构梯度3,value_structure,3,U4,普通设备故障,VDF,d362686e60a64edb,2778.642951667583,2778.642951667583,0.0,0.0,False,3,0,0.0,0.0,0.7460317460317459,1.0,1352.642951667583,1008.0,420.0,80.0,50.0,32.0
VALUE03,价值结构梯度3,value_structure,3,U5,精密设备故障,VDF,d362686e60a64edb,2778.642951667583,2778.642951667583,0.0,0.0,False,2,0,0.0,0.0,0.7282539682539683,1.0,1352.642951667583,1008.0,420.0,80.0,50.0,32.0
VALUE03,价值结构梯度3,value_structure,3,U6,隐藏裂缝,VDF,d362686e60a64edb,2693.2391164843593,2778.642951667583,-85.40383518322369,0.030735807611398644,True,0,0,0.0,0.0,0.9212059384697454,1.0,1279.2391164843593,1008.0,420.0,80.0,50.0,44.0
VALUE03,价值结构梯度3,value_structure,3,U7,复合扰动,VDF,d362686e60a64edb,2693.2391164843593,2778.642951667583,-85.40383518322369,0.030735807611398644,False,3,1,0.5,0.5,0.7981102798570483,1.1111111111111112,1279.2391164843593,1008.0,420.0,80.0,50.0,44.0
VALUE03,价值结构梯度3,value_structure,3,U0,基准情景,MG,d362686e60a64edb,2778.642951667583,2778.642951667583,0.0,0.0,True,0,0,0.0,0.0,0.906031746031746,1.0,1352.642951667583,1008.0,420.0,80.0,50.0,32.0
VALUE03,价值结构梯度3,value_structure,3,U1,普通设备降速,MG,d362686e60a64edb,2778.642951667583,2778.642951667583,0.0,0.0,False,0,2,0.7478991596638656,0.5420168067226889,0.9992530345471522,1.1204481792717087,1352.642951667583,1008.0,420.0,80.0,50.0,32.0
VALUE03,价值结构梯度3,value_structure,3,U2,精密设备降速,MG,d362686e60a64edb,2778.642951667583,2778.642951667583,0.0,0.0,False,0,2,1.625,1.125,1.0004761904761905,1.25,1352.642951667583,1008.0,420.0,80.0,50.0,32.0
VALUE03,价值结构梯度3,value_structure,3,U3,全设备降速,MG,d362686e60a64edb,2778.642951667583,2778.642951667583,0.0,0.0,False,0,4,1.7478991596638656,0.7941176470588234,1.065919701213819,1.1764705882352942,1352.642951667583,1008.0,420.0,80.0,50.0,32.0
VALUE03,价值结构梯度3,value_structure,3,U4,普通设备故障,MG,d362686e60a64edb,2778.642951667583,2778.642951667583,0.0,0.0,False,3,0,0.0,0.0,0.7460317460317459,1.0,1352.642951667583,1008.0,420.0,80.0,50.0,32.0
VALUE03,价值结构梯度3,value_structure,3,U5,精密设备故障,MG,d362686e60a64edb,2778.642951667583,2778.642951667583,0.0,0.0,False,2,0,0.0,0.0,0.7282539682539683,1.0,1352.642951667583,1008.0,420.0,80.0,50.0,32.0
VALUE03,价值结构梯度3,value_structure,3,U6,隐藏裂缝,MG,d362686e60a64edb,2693.2391164843593,2778.642951667583,-85.40383518322369,0.030735807611398644,True,0,0,0.0,0.0,0.9212059384697454,1.0,1279.2391164843593,1008.0,420.0,80.0,50.0,44.0
VALUE03,价值结构梯度3,value_structure,3,U7,复合扰动,MG,d362686e60a64edb,2693.2391164843593,2778.642951667583,-85.40383518322369,0.030735807611398644,False,3,1,0.5,0.5,0.7981102798570483,1.1111111111111112,1279.2391164843593,1008.0,420.0,80.0,50.0,44.0
VALUE03,价值结构梯度3,value_structure,3,U0,基准情景,MG-LS,d362686e60a64edb,2778.642951667583,2778.642951667583,0.0,0.0,True,0,0,0.0,0.0,0.906031746031746,1.0,1352.642951667583,1008.0,420.0,80.0,50.0,32.0
VALUE03,价值结构梯度3,value_structure,3,U1,普通设备降速,MG-LS,d362686e60a64edb,2778.642951667583,2778.642951667583,0.0,0.0,False,0,2,0.7478991596638656,0.5420168067226889,0.9992530345471522,1.1204481792717087,1352.642951667583,1008.0,420.0,80.0,50.0,32.0
VALUE03,价值结构梯度3,value_structure,3,U2,精密设备降速,MG-LS,d362686e60a64edb,2778.642951667583,2778.642951667583,0.0,0.0,False,0,2,1.625,1.125,1.0004761904761905,1.25,1352.642951667583,1008.0,420.0,80.0,50.0,32.0
VALUE03,价值结构梯度3,value_structure,3,U3,全设备降速,MG-LS,d362686e60a64edb,2778.642951667583,2778.642951667583,0.0,0.0,False,0,4,1.7478991596638656,0.7941176470588234,1.065919701213819,1.1764705882352942,1352.642951667583,1008.0,420.0,80.0,50.0,32.0
VALUE03,价值结构梯度3,value_structure,3,U4,普通设备故障,MG-LS,d362686e60a64edb,2778.642951667583,2778.642951667583,0.0,0.0,False,3,0,0.0,0.0,0.7460317460317459,1.0,1352.642951667583,1008.0,420.0,80.0,50.0,32.0
VALUE03,价值结构梯度3,value_structure,3,U5,精密设备故障,MG-LS,d362686e60a64edb,2778.642951667583,2778.642951667583,0.0,0.0,False,2,0,0.0,0.0,0.7282539682539683,1.0,1352.642951667583,1008.0,420.0,80.0,50.0,32.0
VALUE03,价值结构梯度3,value_structure,3,U6,隐藏裂缝,MG-LS,d362686e60a64edb,2693.2391164843593,2778.642951667583,-85.40383518322369,0.030735807611398644,True,0,0,0.0,0.0,0.9212059384697454,1.0,1279.2391164843593,1008.0,420.0,80.0,50.0,44.0
VALUE03,价值结构梯度3,value_structure,3,U7,复合扰动,MG-LS,d362686e60a64edb,2693.2391164843593,2778.642951667583,-85.40383518322369,0.030735807611398644,False,3,1,0.5,0.5,0.7981102798570483,1.1111111111111112,1279.2391164843593,1008.0,420.0,80.0,50.0,44.0
VALUE04,价值结构梯度4,value_structure,4,U0,基准情景,VF,792681bc8c2f226a,2394.642951667583,2394.642951667583,0.0,0.0,True,0,0,0.0,0.0,0.906031746031746,1.0,1352.642951667583,504.0,480.0,200.0,110.0,32.0
VALUE04,价值结构梯度4,value_structure,4,U1,普通设备降速,VF,792681bc8c2f226a,2394.642951667583,2394.642951667583,0.0,0.0,False,0,2,0.7478991596638656,0.5420168067226889,0.9992530345471522,1.1204481792717087,1352.642951667583,504.0,480.0,200.0,110.0,32.0
VALUE04,价值结构梯度4,value_structure,4,U2,精密设备降速,VF,792681bc8c2f226a,2394.642951667583,2394.642951667583,0.0,0.0,False,0,2,1.625,1.125,1.0004761904761905,1.25,1352.642951667583,504.0,480.0,200.0,110.0,32.0
VALUE04,价值结构梯度4,value_structure,4,U3,全设备降速,VF,792681bc8c2f226a,2394.642951667583,2394.642951667583,0.0,0.0,False,0,4,1.7478991596638656,0.7941176470588234,1.065919701213819,1.1764705882352942,1352.642951667583,504.0,480.0,200.0,110.0,32.0
VALUE04,价值结构梯度4,value_structure,4,U4,普通设备故障,VF,792681bc8c2f226a,2394.642951667583,2394.642951667583,0.0,0.0,False,3,0,0.0,0.0,0.7460317460317459,1.0,1352.642951667583,504.0,480.0,200.0,110.0,32.0
VALUE04,价值结构梯度4,value_structure,4,U5,精密设备故障,VF,792681bc8c2f226a,2394.642951667583,2394.642951667583,0.0,0.0,False,2,0,0.0,0.0,0.7282539682539683,1.0,1352.642951667583,504.0,480.0,200.0,110.0,32.0
VALUE04,价值结构梯度4,value_structure,4,U6,隐藏裂缝,VF,792681bc8c2f226a,2309.2391164843593,2394.642951667583,-85.40383518322369,0.03566453826602839,False,0,1,0.18196769987457184,0.18196769987457184,0.9399635410493501,1.0404372666387938,1279.2391164843593,504.0,480.0,200.0,110.0,44.0
VALUE04,价值结构梯度4,value_structure,4,U7,复合扰动,VF,792681bc8c2f226a,2309.2391164843593,2394.642951667583,-85.40383518322369,0.03566453826602839,False,3,2,1.2021863331939677,0.7021863331939677,0.825306591419101,1.1560414073764373,1279.2391164843593,504.0,480.0,200.0,110.0,44.0
VALUE04,价值结构梯度4,value_structure,4,U0,基准情景,VDF,fbf568a3df928d5a,2504.642951667583,2504.642951667583,0.0,0.0,True,0,0,0.0,0.0,0.906031746031746,1.0,1352.642951667583,504.0,480.0,300.0,100.0,32.0
VALUE04,价值结构梯度4,value_structure,4,U1,普通设备降速,VDF,fbf568a3df928d5a,2504.642951667583,2504.642951667583,0.0,0.0,False,0,2,0.7478991596638656,0.5420168067226889,0.9992530345471522,1.1204481792717087,1352.642951667583,504.0,480.0,300.0,100.0,32.0
VALUE04,价值结构梯度4,value_structure,4,U2,精密设备降速,VDF,fbf568a3df928d5a,2504.642951667583,2504.642951667583,0.0,0.0,False,0,2,1.625,1.125,1.0004761904761905,1.25,1352.642951667583,504.0,480.0,300.0,100.0,32.0
VALUE04,价值结构梯度4,value_structure,4,U3,全设备降速,VDF,fbf568a3df928d5a,2504.642951667583,2504.642951667583,0.0,0.0,False,0,4,1.7478991596638656,0.7941176470588234,1.065919701213819,1.1764705882352942,1352.642951667583,504.0,480.0,300.0,100.0,32.0
VALUE04,价值结构梯度4,value_structure,4,U4,普通设备故障,VDF,fbf568a3df928d5a,2504.642951667583,2504.642951667583,0.0,0.0,False,3,0,0.0,0.0,0.7460317460317459,1.0,1352.642951667583,504.0,480.0,300.0,100.0,32.0
VALUE04,价值结构梯度4,value_structure,4,U5,精密设备故障,VDF,fbf568a3df928d5a,2504.642951667583,2504.642951667583,0.0,0.0,False,2,0,0.0,0.0,0.7282539682539683,1.0,1352.642951667583,504.0,480.0,300.0,100.0,32.0
VALUE04,价值结构梯度4,value_structure,4,U6,隐藏裂缝,VDF,fbf568a3df928d5a,2419.2391164843593,2504.642951667583,-85.40383518322369,0.034098207541462984,False,0,1,0.1426209540376595,0.1426209540376595,0.9224736802834134,1.0316935453417022,1279.2391164843593,504.0,480.0,300.0,100.0,44.0
VALUE04,价值结构梯度4,value_structure,4,U7,复合扰动,VDF,fbf568a3df928d5a,2419.2391164843593,2504.642951667583,-85.40383518322369,0.034098207541462984,False,3,1,0.6584677267085102,0.6584677267085102,0.8051532899329821,1.14632616149078,1279.2391164843593,504.0,480.0,300.0,100.0,44.0
VALUE04,价值结构梯度4,value_structure,4,U0,基准情景,MG,af7f81dfb81fd17d,2754.642951667583,2754.642951667583,0.0,0.0,True,0,0,0.0,0.0,0.9275629584029257,1.0,1352.642951667583,504.0,480.0,500.0,50.0,32.0
VALUE04,价值结构梯度4,value_structure,4,U1,普通设备降速,MG,af7f81dfb81fd17d,2754.642951667583,2754.642951667583,0.0,0.0,False,0,2,0.7478991596638656,0.5420168067226889,1.020784246918332,1.1204481792717087,1352.642951667583,504.0,480.0,500.0,50.0,32.0
VALUE04,价值结构梯度4,value_structure,4,U2,精密设备降速,MG,af7f81dfb81fd17d,2754.642951667583,2754.642951667583,0.0,0.0,False,0,2,2.230565347939427,1.125,1.027390205940165,1.25,1352.642951667583,504.0,480.0,500.0,50.0,32.0
VALUE04,价值结构梯度4,value_structure,4,U3,全设备降速,MG,af7f81dfb81fd17d,2754.642951667583,2754.642951667583,0.0,0.0,False,0,4,2.317843016548032,0.7941176470588234,1.0912505392975598,1.1764705882352942,1352.642951667583,504.0,480.0,500.0,50.0,32.0
VALUE04,价值结构梯度4,value_structure,4,U4,普通设备故障,MG,af7f81dfb81fd17d,2754.642951667583,2754.642951667583,0.0,0.0,False,3,0,0.0,0.0,0.7675629584029255,1.0,1352.642951667583,504.0,480.0,500.0,50.0,32.0
VALUE04,价值结构梯度4,value_structure,4,U5,精密设备故障,MG,af7f81dfb81fd17d,2754.642951667583,2754.642951667583,0.0,0.0,False,2,0,0.0,0.0,0.7282539682539683,1.0,1352.642951667583,504.0,480.0,500.0,50.0,32.0
VALUE04,价值结构梯度4,value_structure,4,U6,隐藏裂缝,MG,af7f81dfb81fd17d,2669.2391164843593,2754.642951667583,-85.40383518322369,0.031003595268679966,True,0,0,0.0,0.0,0.9412883030538758,1.0,1279.2391164843593,504.0,480.0,500.0,50.0,44.0
VALUE04,价值结构梯度4,value_structure,4,U7,复合扰动,MG,af7f81dfb81fd17d,2669.2391164843593,2754.642951667583,-85.40383518322369,0.031003595268679966,False,3,2,0.9827247537239341,0.5,0.8256559686259821,1.1111111111111112,1279.2391164843593,504.0,480.0,500.0,50.0,44.0
VALUE04,价值结构梯度4,value_structure,4,U0,基准情景,MG-LS,af7f81dfb81fd17d,2754.642951667583,2754.642951667583,0.0,0.0,True,0,0,0.0,0.0,0.9275629584029257,1.0,1352.642951667583,504.0,480.0,500.0,50.0,32.0
VALUE04,价值结构梯度4,value_structure,4,U1,普通设备降速,MG-LS,af7f81dfb81fd17d,2754.642951667583,2754.642951667583,0.0,0.0,False,0,2,0.7478991596638656,0.5420168067226889,1.020784246918332,1.1204481792717087,1352.642951667583,504.0,480.0,500.0,50.0,32.0
VALUE04,价值结构梯度4,value_structure,4,U2,精密设备降速,MG-LS,af7f81dfb81fd17d,2754.642951667583,2754.642951667583,0.0,0.0,False,0,2,2.230565347939427,1.125,1.027390205940165,1.25,1352.642951667583,504.0,480.0,500.0,50.0,32.0
VALUE04,价值结构梯度4,value_structure,4,U3,全设备降速,MG-LS,af7f81dfb81fd17d,2754.642951667583,2754.642951667583,0.0,0.0,False,0,4,2.317843016548032,0.7941176470588234,1.0912505392975598,1.1764705882352942,1352.642951667583,504.0,480.0,500.0,50.0,32.0
VALUE04,价值结构梯度4,value_structure,4,U4,普通设备故障,MG-LS,af7f81dfb81fd17d,2754.642951667583,2754.642951667583,0.0,0.0,False,3,0,0.0,0.0,0.7675629584029255,1.0,1352.642951667583,504.0,480.0,500.0,50.0,32.0
VALUE04,价值结构梯度4,value_structure,4,U5,精密设备故障,MG-LS,af7f81dfb81fd17d,2754.642951667583,2754.642951667583,0.0,0.0,False,2,0,0.0,0.0,0.7282539682539683,1.0,1352.642951667583,504.0,480.0,500.0,50.0,32.0
VALUE04,价值结构梯度4,value_structure,4,U6,隐藏裂缝,MG-LS,af7f81dfb81fd17d,2669.2391164843593,2754.642951667583,-85.40383518322369,0.031003595268679966,True,0,0,0.0,0.0,0.9412883030538758,1.0,1279.2391164843593,504.0,480.0,500.0,50.0,44.0
VALUE04,价值结构梯度4,value_structure,4,U7,复合扰动,MG-LS,af7f81dfb81fd17d,2669.2391164843593,2754.642951667583,-85.40383518322369,0.031003595268679966,False,3,2,0.9827247537239341,0.5,0.8256559686259821,1.1111111111111112,1279.2391164843593,504.0,480.0,500.0,50.0,44.0
VALUE05,价值结构梯度5,value_structure,5,U0,基准情景,VF,792681bc8c2f226a,1874.642951667583,1874.642951667583,0.0,0.0,True,0,0,0.0,0.0,0.906031746031746,1.0,1352.642951667583,504.0,480.0,120.0,550.0,32.0
VALUE05,价值结构梯度5,value_structure,5,U1,普通设备降速,VF,792681bc8c2f226a,1874.642951667583,1874.642951667583,0.0,0.0,False,0,2,0.7478991596638656,0.5420168067226889,0.9992530345471522,1.1204481792717087,1352.642951667583,504.0,480.0,120.0,550.0,32.0
VALUE05,价值结构梯度5,value_structure,5,U2,精密设备降速,VF,792681bc8c2f226a,1874.642951667583,1874.642951667583,0.0,0.0,False,0,2,1.625,1.125,1.0004761904761905,1.25,1352.642951667583,504.0,480.0,120.0,550.0,32.0
VALUE05,价值结构梯度5,value_structure,5,U3,全设备降速,VF,792681bc8c2f226a,1874.642951667583,1874.642951667583,0.0,0.0,False,0,4,1.7478991596638656,0.7941176470588234,1.065919701213819,1.1764705882352942,1352.642951667583,504.0,480.0,120.0,550.0,32.0
VALUE05,价值结构梯度5,value_structure,5,U4,普通设备故障,VF,792681bc8c2f226a,1874.642951667583,1874.642951667583,0.0,0.0,False,3,0,0.0,0.0,0.7460317460317459,1.0,1352.642951667583,504.0,480.0,120.0,550.0,32.0
VALUE05,价值结构梯度5,value_structure,5,U5,精密设备故障,VF,792681bc8c2f226a,1874.642951667583,1874.642951667583,0.0,0.0,False,2,0,0.0,0.0,0.7282539682539683,1.0,1352.642951667583,504.0,480.0,120.0,550.0,32.0
VALUE05,价值结构梯度5,value_structure,5,U6,隐藏裂缝,VF,792681bc8c2f226a,1789.2391164843593,1874.642951667583,-85.40383518322369,0.04555738739862594,False,0,1,0.18196769987457184,0.18196769987457184,0.9399635410493501,1.0404372666387938,1279.2391164843593,504.0,480.0,120.0,550.0,44.0
VALUE05,价值结构梯度5,value_structure,5,U7,复合扰动,VF,792681bc8c2f226a,1789.2391164843593,1874.642951667583,-85.40383518322369,0.04555738739862594,False,3,2,1.2021863331939677,0.7021863331939677,0.825306591419101,1.1560414073764373,1279.2391164843593,504.0,480.0,120.0,550.0,44.0
VALUE05,价值结构梯度5,value_structure,5,U0,基准情景,VDF,fbf568a3df928d5a,1984.642951667583,1984.642951667583,0.0,0.0,True,0,0,0.0,0.0,0.906031746031746,1.0,1352.642951667583,504.0,480.0,180.0,500.0,32.0
VALUE05,价值结构梯度5,value_structure,5,U1,普通设备降速,VDF,fbf568a3df928d5a,1984.642951667583,1984.642951667583,0.0,0.0,False,0,2,0.7478991596638656,0.5420168067226889,0.9992530345471522,1.1204481792717087,1352.642951667583,504.0,480.0,180.0,500.0,32.0
VALUE05,价值结构梯度5,value_structure,5,U2,精密设备降速,VDF,fbf568a3df928d5a,1984.642951667583,1984.642951667583,0.0,0.0,False,0,2,1.625,1.125,1.0004761904761905,1.25,1352.642951667583,504.0,480.0,180.0,500.0,32.0
VALUE05,价值结构梯度5,value_structure,5,U3,全设备降速,VDF,fbf568a3df928d5a,1984.642951667583,1984.642951667583,0.0,0.0,False,0,4,1.7478991596638656,0.7941176470588234,1.065919701213819,1.1764705882352942,1352.642951667583,504.0,480.0,180.0,500.0,32.0
VALUE05,价值结构梯度5,value_structure,5,U4,普通设备故障,VDF,fbf568a3df928d5a,1984.642951667583,1984.642951667583,0.0,0.0,False,3,0,0.0,0.0,0.7460317460317459,1.0,1352.642951667583,504.0,480.0,180.0,500.0,32.0
VALUE05,价值结构梯度5,value_structure,5,U5,精密设备故障,VDF,fbf568a3df928d5a,1984.642951667583,1984.642951667583,0.0,0.0,False,2,0,0.0,0.0,0.7282539682539683,1.0,1352.642951667583,504.0,480.0,180.0,500.0,32.0
VALUE05,价值结构梯度5,value_structure,5,U6,隐藏裂缝,VDF,fbf568a3df928d5a,1899.2391164843593,1984.642951667583,-85.40383518322369,0.04303234247322103,False,0,1,0.1426209540376595,0.1426209540376595,0.9224736802834134,1.0316935453417022,1279.2391164843593,504.0,480.0,180.0,500.0,44.0
VALUE05,价值结构梯度5,value_structure,5,U7,复合扰动,VDF,fbf568a3df928d5a,1899.2391164843593,1984.642951667583,-85.40383518322369,0.04303234247322103,False,3,1,0.6584677267085102,0.6584677267085102,0.8051532899329821,1.14632616149078,1279.2391164843593,504.0,480.0,180.0,500.0,44.0
VALUE05,价值结构梯度5,value_structure,5,U0,基准情景,MG,6f9888dd8aa824a2,1824.642951667583,1824.642951667583,0.0,0.0,True,0,0,0.0,0.0,0.5282539682539682,0.9523809523809523,1352.642951667583,504.0,0.0,0.0,0.0,32.0
VALUE05,价值结构梯度5,value_structure,5,U1,普通设备降速,MG,6f9888dd8aa824a2,1824.642951667583,1824.642951667583,0.0,0.0,False,0,2,0.7478991596638656,0.5420168067226889,0.6214752567693745,1.1204481792717087,1352.642951667583,504.0,0.0,0.0,0.0,32.0
VALUE05,价值结构梯度5,value_structure,5,U2,精密设备降速,MG,6f9888dd8aa824a2,1824.642951667583,1824.642951667583,0.0,0.0,True,0,0,0.0,0.0,0.5282539682539682,0.9523809523809523,1352.642951667583,504.0,0.0,0.0,0.0,32.0
VALUE05,价值结构梯度5,value_structure,5,U3,全设备降速,MG,6f9888dd8aa824a2,1824.642951667583,1824.642951667583,0.0,0.0,False,0,2,0.7478991596638656,0.5420168067226889,0.6214752567693745,1.1204481792717087,1352.642951667583,504.0,0.0,0.0,0.0,32.0
VALUE05,价值结构梯度5,value_structure,5,U4,普通设备故障,MG,6f9888dd8aa824a2,1824.642951667583,1824.642951667583,0.0,0.0,False,3,0,0.0,0.0,0.3682539682539682,0.9523809523809523,1352.642951667583,504.0,0.0,0.0,0.0,32.0
VALUE05,价值结构梯度5,value_structure,5,U5,精密设备故障,MG,6f9888dd8aa824a2,1824.642951667583,1824.642951667583,0.0,0.0,True,0,0,0.0,0.0,0.5282539682539682,0.9523809523809523,1352.642951667583,504.0,0.0,0.0,0.0,32.0
VALUE05,价值结构梯度5,value_structure,5,U6,隐藏裂缝,MG,6f9888dd8aa824a2,1739.2391164843593,1824.642951667583,-85.40383518322369,0.04680577923761532,True,0,0,0.0,0.0,0.5434281606919675,0.9523809523809523,1279.2391164843593,504.0,0.0,0.0,0.0,44.0
VALUE05,价值结构梯度5,value_structure,5,U7,复合扰动,MG,6f9888dd8aa824a2,1739.2391164843593,1824.642951667583,-85.40383518322369,0.04680577923761532,False,3,0,0.0,0.0,0.37835719343729524,0.9523809523809523,1279.2391164843593,504.0,0.0,0.0,0.0,44.0
VALUE05,价值结构梯度5,value_structure,5,U0,基准情景,MG-LS,6f9888dd8aa824a2,1824.642951667583,1824.642951667583,0.0,0.0,True,0,0,0.0,0.0,0.5282539682539682,0.9523809523809523,1352.642951667583,504.0,0.0,0.0,0.0,32.0
VALUE05,价值结构梯度5,value_structure,5,U1,普通设备降速,MG-LS,6f9888dd8aa824a2,1824.642951667583,1824.642951667583,0.0,0.0,False,0,2,0.7478991596638656,0.5420168067226889,0.6214752567693745,1.1204481792717087,1352.642951667583,504.0,0.0,0.0,0.0,32.0
VALUE05,价值结构梯度5,value_structure,5,U2,精密设备降速,MG-LS,6f9888dd8aa824a2,1824.642951667583,1824.642951667583,0.0,0.0,True,0,0,0.0,0.0,0.5282539682539682,0.9523809523809523,1352.642951667583,504.0,0.0,0.0,0.0,32.0
VALUE05,价值结构梯度5,value_structure,5,U3,全设备降速,MG-LS,6f9888dd8aa824a2,1824.642951667583,1824.642951667583,0.0,0.0,False,0,2,0.7478991596638656,0.5420168067226889,0.6214752567693745,1.1204481792717087,1352.642951667583,504.0,0.0,0.0,0.0,32.0
VALUE05,价值结构梯度5,value_structure,5,U4,普通设备故障,MG-LS,6f9888dd8aa824a2,1824.642951667583,1824.642951667583,0.0,0.0,False,3,0,0.0,0.0,0.3682539682539682,0.9523809523809523,1352.642951667583,504.0,0.0,0.0,0.0,32.0
VALUE05,价值结构梯度5,value_structure,5,U5,精密设备故障,MG-LS,6f9888dd8aa824a2,1824.642951667583,1824.642951667583,0.0,0.0,True,0,0,0.0,0.0,0.5282539682539682,0.9523809523809523,1352.642951667583,504.0,0.0,0.0,0.0,32.0
VALUE05,价值结构梯度5,value_structure,5,U6,隐藏裂缝,MG-LS,6f9888dd8aa824a2,1739.2391164843593,1824.642951667583,-85.40383518322369,0.04680577923761532,True,0,0,0.0,0.0,0.5434281606919675,0.9523809523809523,1279.2391164843593,504.0,0.0,0.0,0.0,44.0
VALUE05,价值结构梯度5,value_structure,5,U7,复合扰动,MG-LS,6f9888dd8aa824a2,1739.2391164843593,1824.642951667583,-85.40383518322369,0.04680577923761532,False,3,0,0.0,0.0,0.37835719343729524,0.9523809523809523,1279.2391164843593,504.0,0.0,0.0,0.0,44.0
VALUE06,价值结构梯度6,value_structure,6,U0,基准情景,VF,792681bc8c2f226a,2575.642951667583,2575.642951667583,0.0,0.0,True,0,0,0.0,0.0,0.906031746031746,1.0,1352.642951667583,840.0,600.0,200.0,385.0,32.0
VALUE06,价值结构梯度6,value_structure,6,U1,普通设备降速,VF,792681bc8c2f226a,2575.642951667583,2575.642951667583,0.0,0.0,False,0,2,0.7478991596638656,0.5420168067226889,0.9992530345471522,1.1204481792717087,1352.642951667583,840.0,600.0,200.0,385.0,32.0
VALUE06,价值结构梯度6,value_structure,6,U2,精密设备降速,VF,792681bc8c2f226a,2575.642951667583,2575.642951667583,0.0,0.0,False,0,2,1.625,1.125,1.0004761904761905,1.25,1352.642951667583,840.0,600.0,200.0,385.0,32.0
VALUE06,价值结构梯度6,value_structure,6,U3,全设备降速,VF,792681bc8c2f226a,2575.642951667583,2575.642951667583,0.0,0.0,False,0,4,1.7478991596638656,0.7941176470588234,1.065919701213819,1.1764705882352942,1352.642951667583,840.0,600.0,200.0,385.0,32.0
VALUE06,价值结构梯度6,value_structure,6,U4,普通设备故障,VF,792681bc8c2f226a,2575.642951667583,2575.642951667583,0.0,0.0,False,3,0,0.0,0.0,0.7460317460317459,1.0,1352.642951667583,840.0,600.0,200.0,385.0,32.0
VALUE06,价值结构梯度6,value_structure,6,U5,精密设备故障,VF,792681bc8c2f226a,2575.642951667583,2575.642951667583,0.0,0.0,False,2,0,0.0,0.0,0.7282539682539683,1.0,1352.642951667583,840.0,600.0,200.0,385.0,32.0
VALUE06,价值结构梯度6,value_structure,6,U6,隐藏裂缝,VF,792681bc8c2f226a,2490.2391164843593,2575.642951667583,-85.40383518322369,0.033158258650691295,False,0,1,0.18196769987457184,0.18196769987457184,0.9399635410493501,1.0404372666387938,1279.2391164843593,840.0,600.0,200.0,385.0,44.0
VALUE06,价值结构梯度6,value_structure,6,U7,复合扰动,VF,792681bc8c2f226a,2490.2391164843593,2575.642951667583,-85.40383518322369,0.033158258650691295,False,3,2,1.2021863331939677,0.7021863331939677,0.825306591419101,1.1560414073764373,1279.2391164843593,840.0,600.0,200.0,385.0,44.0
VALUE06,价值结构梯度6,value_structure,6,U0,基准情景,VDF,5caa894afcb76c4c,3050.642951667583,3050.642951667583,0.0,0.0,True,0,0,0.0,0.0,0.906031746031746,1.0,1352.642951667583,840.0,600.0,500.0,210.0,32.0
VALUE06,价值结构梯度6,value_structure,6,U1,普通设备降速,VDF,5caa894afcb76c4c,3050.642951667583,3050.642951667583,0.0,0.0,False,0,2,0.7478991596638656,0.5420168067226889,0.9992530345471522,1.1204481792717087,1352.642951667583,840.0,600.0,500.0,210.0,32.0
VALUE06,价值结构梯度6,value_structure,6,U2,精密设备降速,VDF,5caa894afcb76c4c,3050.642951667583,3050.642951667583,0.0,0.0,False,0,2,1.625,1.125,1.0004761904761905,1.25,1352.642951667583,840.0,600.0,500.0,210.0,32.0
VALUE06,价值结构梯度6,value_structure,6,U3,全设备降速,VDF,5caa894afcb76c4c,3050.642951667583,3050.642951667583,0.0,0.0,False,0,4,1.7478991596638656,0.7941176470588234,1.065919701213819,1.1764705882352942,1352.642951667583,840.0,600.0,500.0,210.0,32.0
VALUE06,价值结构梯度6,value_structure,6,U4,普通设备故障,VDF,5caa894afcb76c4c,3050.642951667583,3050.642951667583,0.0,0.0,False,3,0,0.0,0.0,0.7460317460317459,1.0,1352.642951667583,840.0,600.0,500.0,210.0,32.0
VALUE06,价值结构梯度6,value_structure,6,U5,精密设备故障,VDF,5caa894afcb76c4c,3050.642951667583,3050.642951667583,0.0,0.0,False,2,0,0.0,0.0,0.7282539682539683,1.0,1352.642951667583,840.0,600.0,500.0,210.0,32.0
VALUE06,价值结构梯度6,value_structure,6,U6,隐藏裂缝,VDF,5caa894afcb76c4c,2965.2391164843593,3050.642951667583,-85.40383518322369,0.027995355909002432,False,0,1,0.1426209540376595,0.1426209540376595,0.9224736802834134,1.0316935453417022,1279.2391164843593,840.0,600.0,500.0,210.0,44.0
VALUE06,价值结构梯度6,value_structure,6,U7,复合扰动,VDF,5caa894afcb76c4c,2965.2391164843593,3050.642951667583,-85.40383518322369,0.027995355909002432,False,3,1,0.6584677267085102,0.6584677267085102,0.8051532899329821,1.14632616149078,1279.2391164843593,840.0,600.0,500.0,210.0,44.0
VALUE06,价值结构梯度6,value_structure,6,U0,基准情景,MG,d362686e60a64edb,2985.642951667583,2985.642951667583,0.0,0.0,True,0,0,0.0,0.0,0.906031746031746,1.0,1352.642951667583,840.0,600.0,400.0,175.0,32.0
VALUE06,价值结构梯度6,value_structure,6,U1,普通设备降速,MG,d362686e60a64edb,2985.642951667583,2985.642951667583,0.0,0.0,False,0,2,0.7478991596638656,0.5420168067226889,0.9992530345471522,1.1204481792717087,1352.642951667583,840.0,600.0,400.0,175.0,32.0
VALUE06,价值结构梯度6,value_structure,6,U2,精密设备降速,MG,d362686e60a64edb,2985.642951667583,2985.642951667583,0.0,0.0,False,0,2,1.625,1.125,1.0004761904761905,1.25,1352.642951667583,840.0,600.0,400.0,175.0,32.0
VALUE06,价值结构梯度6,value_structure,6,U3,全设备降速,MG,d362686e60a64edb,2985.642951667583,2985.642951667583,0.0,0.0,False,0,4,1.7478991596638656,0.7941176470588234,1.065919701213819,1.1764705882352942,1352.642951667583,840.0,600.0,400.0,175.0,32.0
VALUE06,价值结构梯度6,value_structure,6,U4,普通设备故障,MG,d362686e60a64edb,2985.642951667583,2985.642951667583,0.0,0.0,False,3,0,0.0,0.0,0.7460317460317459,1.0,1352.642951667583,840.0,600.0,400.0,175.0,32.0
VALUE06,价值结构梯度6,value_structure,6,U5,精密设备故障,MG,d362686e60a64edb,2985.642951667583,2985.642951667583,0.0,0.0,False,2,0,0.0,0.0,0.7282539682539683,1.0,1352.642951667583,840.0,600.0,400.0,175.0,32.0
VALUE06,价值结构梯度6,value_structure,6,U6,隐藏裂缝,MG,d362686e60a64edb,2900.2391164843593,2985.642951667583,-85.40383518322369,0.028604838745209887,True,0,0,0.0,0.0,0.9212059384697454,1.0,1279.2391164843593,840.0,600.0,400.0,175.0,44.0
VALUE06,价值结构梯度6,value_structure,6,U7,复合扰动,MG,d362686e60a64edb,2900.2391164843593,2985.642951667583,-85.40383518322369,0.028604838745209887,False,3,1,0.5,0.5,0.7981102798570483,1.1111111111111112,1279.2391164843593,840.0,600.0,400.0,175.0,44.0
VALUE06,价值结构梯度6,value_structure,6,U0,基准情景,MG-LS,d362686e60a64edb,2985.642951667583,2985.642951667583,0.0,0.0,True,0,0,0.0,0.0,0.906031746031746,1.0,1352.642951667583,840.0,600.0,400.0,175.0,32.0
VALUE06,价值结构梯度6,value_structure,6,U1,普通设备降速,MG-LS,d362686e60a64edb,2985.642951667583,2985.642951667583,0.0,0.0,False,0,2,0.7478991596638656,0.5420168067226889,0.9992530345471522,1.1204481792717087,1352.642951667583,840.0,600.0,400.0,175.0,32.0
VALUE06,价值结构梯度6,value_structure,6,U2,精密设备降速,MG-LS,d362686e60a64edb,2985.642951667583,2985.642951667583,0.0,0.0,False,0,2,1.625,1.125,1.0004761904761905,1.25,1352.642951667583,840.0,600.0,400.0,175.0,32.0
VALUE06,价值结构梯度6,value_structure,6,U3,全设备降速,MG-LS,d362686e60a64edb,2985.642951667583,2985.642951667583,0.0,0.0,False,0,4,1.7478991596638656,0.7941176470588234,1.065919701213819,1.1764705882352942,1352.642951667583,840.0,600.0,400.0,175.0,32.0
VALUE06,价值结构梯度6,value_structure,6,U4,普通设备故障,MG-LS,d362686e60a64edb,2985.642951667583,2985.642951667583,0.0,0.0,False,3,0,0.0,0.0,0.7460317460317459,1.0,1352.642951667583,840.0,600.0,400.0,175.0,32.0
VALUE06,价值结构梯度6,value_structure,6,U5,精密设备故障,MG-LS,d362686e60a64edb,2985.642951667583,2985.642951667583,0.0,0.0,False,2,0,0.0,0.0,0.7282539682539683,1.0,1352.642951667583,840.0,600.0,400.0,175.0,32.0
VALUE06,价值结构梯度6,value_structure,6,U6,隐藏裂缝,MG-LS,d362686e60a64edb,2900.2391164843593,2985.642951667583,-85.40383518322369,0.028604838745209887,True,0,0,0.0,0.0,0.9212059384697454,1.0,1279.2391164843593,840.0,600.0,400.0,175.0,44.0
VALUE06,价值结构梯度6,value_structure,6,U7,复合扰动,MG-LS,d362686e60a64edb,2900.2391164843593,2985.642951667583,-85.40383518322369,0.028604838745209887,False,3,1,0.5,0.5,0.7981102798570483,1.1111111111111112,1279.2391164843593,840.0,600.0,400.0,175.0,44.0
